avg. episodes	n	alpha	gamma	entire val list
146.71	5	0.2	0.2	[236, 91, 79, 392, 372, 93, 250, 91, 256, 109, 343, 92, 104, 86, 84, 94, 72, 230, 110, 71, 86, 84, 278, 108, 164, 174, 86, 92, 192, 88, 85, 166, 100, 114, 289, 113, 674, 140, 92, 81, 192, 78, 99, 133, 137, 128, 103, 124, 96, 104, 115, 108, 287, 85, 98, 107, 121, 93, 71, 140, 111, 115, 80, 131, 93, 88, 123, 108, 76, 83, 105, 41, 102, 93, 86, 426, 106, 206, 123, 265, 733, 92, 82, 70, 96, 122, 59, 306, 110, 77, 77, 49, 563, 92, 168, 108, 107, 138, 89, 92]
157.54	5	0.2	0.4	[89, 81, 93, 196, 324, 88, 83, 250, 292, 85, 127, 149, 82, 290, 80, 125, 579, 96, 109, 379, 87, 764, 106, 108, 232, 78, 95, 255, 113, 110, 114, 69, 84, 76, 144, 71, 677, 209, 134, 90, 55, 492, 123, 113, 128, 114, 100, 100, 129, 101, 84, 52, 83, 174, 355, 115, 91, 89, 99, 85, 91, 100, 114, 109, 182, 86, 91, 90, 86, 79, 93, 207, 263, 185, 106, 101, 588, 113, 186, 447, 113, 89, 111, 19, 101, 100, 88, 103, 87, 122, 202, 288, 214, 100, 85, 121, 97, 106, 317, 79]
158.72	5	0.2	0.6	[107, 346, 95, 157, 157, 92, 239, 112, 80, 281, 132, 130, 104, 79, 90, 133, 70, 402, 93, 299, 101, 107, 106, 94, 145, 159, 155, 253, 399, 229, 99, 105, 328, 134, 85, 93, 88, 95, 82, 79, 92, 111, 178, 208, 147, 92, 245, 89, 140, 179, 88, 88, 127, 320, 110, 123, 440, 166, 267, 277, 221, 649, 229, 87, 98, 95, 73, 175, 110, 248, 125, 184, 88, 257, 93, 135, 96, 136, 192, 93, 104, 101, 304, 320, 140, 146, 86, 136, 139, 96, 152, 113, 78, 100, 95, 126, 91, 174, 99, 267]
142.2	5	0.2	0.8	[94, 84, 221, 78, 251, 91, 101, 25, 76, 96, 104, 222, 77, 75, 478, 90, 95, 101, 133, 417, 270, 95, 151, 83, 104, 84, 84, 117, 164, 152, 99, 307, 211, 106, 130, 82, 91, 88, 84, 316, 150, 75, 129, 548, 101, 98, 75, 82, 289, 175, 226, 67, 140, 83, 25, 96, 107, 155, 87, 77, 80, 100, 197, 213, 240, 225, 96, 189, 89, 109, 367, 115, 67, 116, 313, 256, 142, 90, 78, 133, 102, 82, 87, 162, 73, 92, 95, 140, 126, 129, 193, 234, 76, 111, 301, 106, 165, 78, 111, 30]
139.02	5	0.2	1.0	[210, 122, 86, 93, 73, 224, 77, 80, 91, 82, 83, 97, 103, 104, 231, 104, 224, 104, 198, 33, 166, 88, 84, 102, 79, 77, 286, 269, 97, 139, 87, 283, 137, 184, 163, 91, 109, 31, 156, 68, 175, 211, 150, 135, 107, 71, 113, 103, 167, 143, 89, 89, 209, 83, 116, 128, 275, 88, 106, 196, 125, 180, 87, 134, 193, 234, 312, 88, 139, 130, 78, 149, 112, 109, 86, 75, 97, 325, 294, 159, 27, 90, 105, 139, 222, 103, 166, 119, 326, 83, 250, 294, 53, 92, 206, 207, 77, 109, 178, 81]
149.32	5	0.4	0.2	[95, 88, 125, 364, 78, 210, 98, 134, 221, 119, 93, 95, 85, 93, 224, 84, 90, 87, 181, 103, 76, 93, 81, 105, 130, 97, 114, 108, 121, 112, 155, 92, 127, 95, 266, 171, 154, 150, 165, 101, 95, 75, 94, 77, 109, 107, 239, 247, 222, 82, 103, 97, 85, 117, 72, 95, 87, 730, 157, 93, 86, 304, 92, 75, 94, 277, 81, 57, 81, 86, 75, 383, 96, 74, 90, 232, 105, 86, 86, 82, 342, 71, 78, 81, 112, 84, 120, 79, 173, 87, 89, 88, 242, 107, 332, 306, 118, 284, 1200, 234]
133.27	5	0.4	0.4	[110, 95, 296, 211, 91, 89, 110, 148, 210, 172, 265, 160, 92, 135, 75, 378, 79, 75, 120, 92, 277, 77, 276, 83, 114, 97, 167, 102, 92, 321, 106, 99, 95, 95, 87, 86, 347, 159, 228, 173, 76, 119, 79, 97, 264, 95, 85, 125, 105, 330, 300, 79, 96, 106, 95, 126, 70, 79, 171, 85, 58, 114, 76, 90, 84, 88, 83, 70, 76, 161, 81, 106, 74, 82, 99, 161, 89, 94, 115, 86, 296, 101, 100, 98, 74, 234, 182, 129, 113, 95, 222, 93, 80, 285, 105, 74, 79, 124, 111, 179]
137.87	5	0.4	0.6	[126, 101, 80, 188, 80, 153, 310, 176, 162, 110, 73, 149, 81, 115, 282, 163, 89, 246, 101, 110, 153, 127, 37, 101, 241, 82, 95, 82, 88, 136, 131, 174, 75, 122, 316, 79, 134, 223, 255, 81, 176, 35, 102, 107, 169, 153, 79, 258, 118, 91, 97, 148, 348, 107, 342, 85, 116, 119, 78, 108, 181, 78, 92, 280, 94, 75, 89, 415, 101, 171, 75, 87, 129, 130, 72, 78, 57, 111, 66, 87, 88, 86, 239, 235, 82, 96, 97, 86, 95, 68, 72, 145, 182, 135, 101, 258, 69, 388, 78, 256]
139.1	5	0.4	0.8	[96, 135, 106, 91, 114, 123, 84, 111, 81, 107, 103, 419, 129, 1624, 138, 73, 78, 91, 90, 165, 94, 88, 123, 84, 90, 99, 116, 112, 95, 115, 530, 303, 77, 78, 95, 107, 76, 91, 146, 70, 156, 100, 93, 323, 82, 182, 87, 111, 102, 93, 100, 106, 84, 99, 78, 273, 127, 108, 84, 91, 98, 73, 164, 74, 71, 93, 311, 75, 77, 89, 88, 105, 103, 104, 215, 102, 105, 99, 98, 112, 164, 197, 98, 141, 108, 95, 80, 127, 257, 62, 396, 82, 93, 127, 71, 153, 136, 81, 69, 91]
145.34	5	0.4	1.0	[26, 86, 136, 187, 91, 490, 116, 170, 86, 188, 116, 75, 86, 81, 323, 83, 93, 80, 310, 132, 92, 97, 99, 284, 99, 90, 48, 111, 158, 92, 124, 439, 86, 110, 68, 105, 90, 78, 82, 118, 443, 128, 187, 120, 74, 183, 96, 236, 263, 206, 138, 92, 115, 79, 102, 82, 110, 133, 90, 93, 134, 104, 204, 81, 199, 103, 96, 152, 127, 89, 148, 106, 75, 341, 82, 88, 204, 129, 86, 81, 96, 184, 209, 300, 144, 272, 368, 209, 181, 79, 111, 88, 468, 75, 251, 114, 112, 86, 68, 95]
147.29	5	0.6	0.2	[111, 93, 108, 302, 98, 141, 262, 107, 74, 98, 87, 113, 89, 132, 95, 160, 263, 91, 302, 230, 49, 134, 202, 80, 103, 95, 129, 335, 83, 171, 102, 148, 204, 1350, 101, 297, 84, 82, 112, 1118, 91, 102, 102, 34, 114, 106, 94, 115, 245, 100, 99, 102, 350, 116, 94, 94, 138, 128, 172, 86, 88, 91, 192, 75, 72, 264, 110, 102, 68, 86, 80, 84, 110, 80, 170, 104, 54, 88, 100, 75, 97, 102, 96, 133, 101, 90, 118, 135, 68, 127, 123, 80, 146, 120, 86, 129, 156, 98, 125, 89]
137.28	5	0.6	0.4	[110, 81, 87, 85, 144, 80, 96, 98, 83, 98, 207, 108, 108, 89, 92, 121, 92, 186, 89, 133, 95, 123, 130, 133, 99, 87, 115, 96, 113, 83, 79, 191, 146, 81, 71, 171, 112, 87, 133, 101, 205, 147, 286, 88, 144, 112, 91, 24, 277, 88, 103, 107, 100, 71, 132, 156, 77, 308, 144, 119, 79, 106, 105, 190, 429, 91, 193, 109, 162, 80, 137, 147, 91, 39, 136, 564, 221, 277, 123, 89, 79, 86, 223, 276, 131, 150, 85, 79, 318, 103, 480, 82, 75, 242, 103, 111, 153, 124, 81, 167]
134.23	5	0.6	0.6	[150, 100, 108, 154, 85, 130, 289, 71, 97, 165, 75, 322, 110, 73, 92, 278, 66, 106, 123, 86, 73, 95, 212, 173, 108, 96, 113, 80, 90, 81, 101, 100, 102, 163, 52, 178, 146, 75, 333, 159, 108, 113, 151, 98, 145, 95, 223, 123, 94, 40, 81, 145, 98, 85, 87, 146, 83, 85, 199, 78, 108, 87, 141, 111, 70, 76, 83, 434, 76, 93, 189, 503, 85, 103, 331, 94, 115, 98, 139, 119, 135, 176, 87, 96, 416, 92, 85, 590, 38, 91, 81, 94, 95, 84, 129, 84, 102, 85, 100, 221]
120.24	5	0.6	0.8	[27, 93, 129, 94, 113, 88, 77, 171, 164, 79, 127, 83, 63, 78, 203, 71, 83, 62, 74, 182, 115, 75, 96, 160, 79, 128, 122, 109, 91, 124, 102, 92, 94, 88, 211, 81, 88, 123, 241, 92, 108, 108, 84, 102, 96, 117, 101, 98, 101, 88, 125, 110, 148, 125, 102, 90, 93, 92, 83, 167, 248, 149, 104, 105, 73, 95, 205, 170, 216, 83, 64, 100, 102, 230, 76, 78, 227, 308, 144, 166, 97, 27, 74, 200, 79, 79, 209, 84, 67, 102, 213, 151, 120, 244, 94, 181, 90, 77, 71, 312]
133.7	5	0.6	1.0	[100, 101, 87, 106, 283, 80, 85, 131, 93, 170, 200, 112, 111, 93, 213, 126, 209, 100, 85, 101, 105, 95, 96, 88, 109, 94, 82, 83, 92, 77, 78, 70, 63, 91, 110, 109, 210, 201, 118, 134, 160, 246, 107, 606, 162, 342, 118, 97, 180, 124, 90, 83, 418, 70, 87, 92, 176, 35, 220, 150, 228, 174, 92, 159, 84, 149, 102, 153, 82, 307, 164, 101, 149, 159, 79, 98, 99, 83, 92, 141, 97, 368, 119, 204, 259, 72, 71, 33, 210, 70, 96, 93, 85, 87, 141, 81, 79, 101, 80, 75]
146.18	5	0.8	0.2	[80, 97, 105, 161, 129, 89, 369, 871, 187, 137, 71, 285, 82, 111, 83, 99, 82, 70, 132, 83, 93, 134, 110, 76, 266, 100, 1298, 100, 92, 78, 102, 91, 47, 159, 221, 226, 94, 475, 98, 79, 88, 278, 156, 83, 81, 219, 96, 94, 78, 90, 117, 95, 81, 94, 92, 92, 94, 92, 100, 89, 96, 110, 131, 64, 84, 85, 96, 73, 98, 235, 69, 192, 91, 90, 143, 139, 96, 93, 122, 91, 107, 89, 69, 216, 85, 144, 85, 150, 160, 104, 93, 137, 279, 121, 96, 133, 491, 147, 147, 96]
118.12	5	0.8	0.4	[87, 172, 106, 83, 210, 154, 97, 65, 76, 81, 164, 127, 77, 102, 93, 166, 100, 72, 85, 97, 109, 96, 127, 137, 100, 85, 135, 103, 113, 64, 195, 122, 67, 171, 73, 90, 102, 86, 75, 74, 92, 97, 86, 84, 391, 244, 204, 71, 104, 129, 62, 78, 180, 101, 100, 96, 238, 125, 85, 96, 98, 95, 91, 102, 153, 96, 83, 115, 100, 216, 65, 87, 89, 127, 307, 85, 124, 337, 111, 104, 89, 102, 98, 90, 138, 184, 109, 99, 172, 99, 86, 121, 203, 120, 91, 87, 73, 73, 90, 102]
126.39	5	0.8	0.6	[101, 109, 77, 97, 97, 162, 91, 108, 113, 229, 79, 192, 114, 112, 68, 136, 115, 87, 87, 85, 86, 98, 87, 104, 502, 97, 178, 75, 90, 79, 83, 67, 93, 110, 94, 73, 124, 141, 100, 114, 198, 163, 362, 117, 91, 115, 89, 93, 135, 70, 102, 76, 133, 159, 86, 404, 130, 113, 90, 346, 90, 514, 95, 209, 96, 73, 103, 70, 99, 99, 152, 69, 75, 105, 196, 99, 115, 19, 69, 227, 155, 89, 78, 96, 136, 72, 263, 98, 82, 196, 94, 82, 95, 92, 161, 84, 82, 136, 82, 166]
115.84	5	0.8	0.8	[80, 69, 242, 272, 118, 100, 62, 86, 90, 100, 109, 207, 88, 99, 105, 31, 82, 383, 125, 94, 115, 82, 90, 83, 102, 133, 262, 92, 98, 225, 106, 85, 104, 173, 103, 76, 113, 90, 221, 222, 94, 107, 110, 23, 116, 106, 112, 91, 92, 83, 114, 79, 94, 88, 168, 90, 103, 103, 66, 83, 172, 80, 222, 80, 128, 73, 97, 101, 89, 84, 87, 100, 93, 89, 70, 90, 99, 160, 156, 127, 123, 128, 87, 98, 88, 107, 208, 86, 125, 111, 120, 106, 118, 107, 84, 97, 217, 114, 101, 123]
131.2	5	0.8	1.0	[99, 109, 149, 100, 83, 109, 137, 72, 92, 518, 116, 127, 90, 79, 105, 47, 106, 582, 96, 131, 91, 98, 68, 109, 80, 98, 77, 98, 92, 143, 85, 149, 136, 112, 81, 91, 164, 84, 85, 104, 159, 106, 75, 96, 330, 108, 192, 103, 134, 304, 60, 193, 90, 83, 81, 108, 83, 108, 89, 540, 94, 106, 119, 90, 212, 108, 241, 111, 84, 103, 192, 88, 106, 83, 174, 91, 167, 88, 101, 88, 122, 88, 291, 96, 107, 294, 184, 118, 76, 164, 95, 78, 93, 87, 103, 102, 119, 209, 86, 128]
145.89	5	1.0	0.2	[95, 350, 73, 117, 122, 135, 441, 93, 94, 96, 92, 71, 491, 280, 143, 138, 317, 268, 111, 107, 70, 247, 72, 164, 24, 165, 109, 89, 180, 226, 231, 95, 249, 138, 123, 189, 81, 89, 79, 280, 92, 103, 64, 90, 90, 203, 80, 118, 98, 123, 87, 103, 82, 102, 106, 115, 87, 90, 98, 233, 67, 208, 109, 116, 196, 94, 258, 104, 113, 139, 93, 76, 481, 127, 261, 73, 189, 100, 131, 352, 97, 128, 87, 232, 98, 81, 361, 144, 77, 146, 109, 111, 92, 81, 86, 88, 168, 173, 95, 150]
126.4	5	1.0	0.4	[97, 92, 118, 157, 117, 125, 91, 110, 219, 89, 219, 138, 462, 82, 120, 116, 117, 200, 245, 105, 164, 130, 92, 79, 73, 82, 338, 121, 115, 83, 86, 93, 87, 97, 109, 71, 77, 79, 183, 90, 136, 176, 139, 100, 100, 497, 155, 87, 240, 79, 73, 73, 93, 140, 331, 93, 72, 117, 101, 85, 178, 83, 121, 88, 78, 79, 182, 108, 78, 108, 80, 106, 168, 94, 109, 73, 92, 105, 80, 96, 111, 154, 77, 276, 83, 79, 174, 164, 89, 147, 116, 81, 70, 84, 57, 118, 102, 85, 87, 225]
128.82	5	1.0	0.6	[86, 85, 109, 162, 205, 64, 263, 180, 116, 172, 170, 188, 126, 146, 58, 74, 111, 82, 363, 87, 85, 69, 63, 96, 108, 197, 85, 92, 94, 129, 76, 124, 82, 246, 87, 88, 91, 77, 95, 96, 118, 88, 141, 119, 75, 72, 111, 179, 334, 188, 90, 324, 107, 86, 188, 314, 102, 88, 97, 77, 95, 90, 75, 145, 94, 110, 80, 117, 93, 113, 135, 352, 139, 94, 75, 188, 145, 40, 134, 51, 81, 441, 101, 97, 73, 93, 96, 85, 41, 162, 113, 125, 132, 81, 123, 109, 536, 103, 26, 74]
138.17	5	1.0	0.8	[112, 112, 83, 101, 425, 116, 52, 93, 101, 117, 94, 76, 90, 152, 387, 129, 90, 95, 99, 75, 95, 115, 89, 142, 73, 95, 83, 437, 224, 150, 87, 100, 193, 185, 75, 97, 108, 91, 33, 85, 602, 102, 298, 160, 382, 118, 81, 133, 142, 86, 116, 105, 86, 80, 235, 149, 127, 152, 117, 87, 198, 120, 101, 116, 97, 93, 394, 85, 248, 138, 90, 182, 104, 99, 78, 89, 271, 85, 153, 95, 88, 100, 78, 156, 97, 99, 88, 171, 79, 121, 95, 98, 96, 123, 155, 428, 116, 81, 80, 118]
130.39	5	1.0	1.0	[95, 81, 115, 98, 94, 184, 96, 232, 100, 71, 83, 80, 88, 93, 73, 107, 101, 97, 357, 87, 71, 120, 126, 121, 153, 111, 83, 85, 92, 89, 69, 81, 102, 73, 230, 97, 84, 167, 89, 84, 89, 141, 129, 99, 103, 465, 90, 109, 90, 93, 418, 99, 92, 278, 96, 104, 77, 90, 131, 100, 266, 148, 98, 105, 101, 134, 67, 87, 94, 244, 101, 198, 293, 513, 142, 80, 85, 80, 89, 97, 74, 75, 381, 96, 116, 310, 78, 109, 160, 96, 190, 80, 80, 176, 102, 86, 110, 95, 96, 155]
164.05	8	0.2	0.2	[106, 91, 99, 471, 830, 86, 45, 92, 81, 366, 425, 100, 125, 146, 85, 204, 91, 212, 151, 233, 80, 204, 98, 86, 93, 84, 100, 116, 87, 250, 108, 86, 92, 63, 204, 173, 165, 188, 86, 120, 124, 456, 134, 90, 158, 125, 223, 158, 371, 319, 264, 103, 99, 146, 70, 260, 258, 90, 120, 93, 252, 92, 95, 105, 507, 80, 81, 87, 296, 97, 83, 94, 497, 223, 105, 132, 102, 211, 87, 103, 479, 97, 170, 67, 117, 90, 77, 101, 144, 85, 300, 122, 111, 185, 109, 98, 183, 184, 88, 86]
143.17	8	0.2	0.4	[108, 55, 249, 55, 93, 89, 99, 153, 78, 84, 91, 343, 97, 384, 265, 85, 326, 103, 192, 133, 43, 56, 62, 85, 105, 87, 93, 106, 135, 409, 89, 93, 108, 93, 114, 118, 250, 76, 74, 110, 203, 526, 154, 106, 87, 87, 77, 85, 87, 63, 98, 137, 49, 114, 184, 155, 179, 118, 88, 89, 140, 71, 258, 97, 82, 412, 105, 111, 100, 213, 98, 104, 165, 144, 98, 231, 255, 157, 278, 328, 344, 110, 101, 89, 114, 74, 94, 103, 87, 84, 138, 83, 361, 98, 430, 81, 102, 105, 120, 78]
147.53	8	0.2	0.6	[131, 317, 81, 140, 171, 94, 85, 208, 106, 104, 98, 151, 200, 101, 178, 202, 185, 207, 95, 128, 105, 100, 91, 104, 170, 95, 114, 132, 83, 87, 226, 120, 167, 256, 140, 98, 110, 114, 337, 141, 102, 83, 77, 88, 100, 84, 124, 184, 67, 70, 93, 87, 82, 103, 94, 581, 173, 218, 109, 84, 91, 210, 194, 138, 89, 89, 349, 89, 79, 251, 517, 371, 128, 102, 175, 89, 102, 245, 69, 69, 82, 100, 111, 132, 88, 80, 125, 88, 123, 76, 107, 175, 59, 137, 84, 603, 94, 94, 80, 494]
174.76	8	0.2	0.8	[100, 96, 164, 89, 116, 123, 835, 93, 180, 89, 128, 93, 101, 218, 134, 106, 143, 227, 82, 76, 138, 100, 147, 345, 105, 163, 385, 79, 114, 86, 424, 80, 77, 112, 366, 128, 1526, 245, 78, 87, 104, 97, 85, 110, 134, 91, 126, 110, 88, 87, 80, 93, 138, 730, 79, 98, 143, 147, 94, 221, 424, 81, 90, 89, 262, 131, 480, 94, 94, 81, 104, 165, 70, 446, 238, 95, 148, 104, 123, 168, 119, 277, 389, 103, 68, 84, 125, 70, 119, 102, 184, 65, 102, 87, 100, 79, 106, 116, 752, 109]
140.58	8	0.2	1.0	[93, 161, 158, 419, 126, 89, 194, 234, 101, 111, 133, 89, 107, 514, 96, 77, 76, 124, 93, 161, 89, 95, 107, 101, 100, 93, 110, 94, 97, 73, 80, 110, 156, 73, 77, 101, 84, 88, 298, 107, 90, 78, 267, 136, 97, 149, 507, 173, 146, 87, 350, 237, 88, 88, 144, 118, 359, 91, 84, 163, 89, 147, 75, 174, 108, 91, 220, 75, 89, 89, 238, 76, 133, 92, 182, 96, 97, 92, 111, 89, 84, 61, 120, 138, 96, 169, 238, 155, 108, 72, 146, 101, 102, 434, 138, 206, 124, 81, 257, 124]
181.36	8	0.4	0.2	[75, 91, 94, 94, 370, 127, 96, 100, 94, 142, 1704, 123, 131, 1147, 90, 315, 137, 99, 116, 165, 83, 224, 1039, 92, 86, 206, 124, 148, 85, 269, 128, 94, 77, 118, 85, 212, 133, 97, 119, 594, 336, 178, 114, 99, 87, 180, 63, 109, 105, 59, 189, 81, 82, 94, 96, 110, 192, 108, 1252, 171, 157, 136, 55, 256, 370, 115, 84, 84, 151, 98, 94, 91, 85, 94, 94, 109, 110, 58, 186, 92, 94, 166, 100, 455, 96, 109, 105, 60, 109, 92, 123, 88, 92, 83, 114, 89, 343, 92, 85, 94]
150.92	8	0.4	0.4	[87, 77, 82, 80, 378, 178, 129, 83, 75, 101, 257, 107, 140, 79, 163, 85, 152, 219, 93, 86, 163, 180, 225, 171, 89, 118, 168, 175, 84, 89, 91, 253, 79, 126, 98, 94, 103, 130, 211, 75, 236, 72, 88, 93, 164, 91, 89, 215, 92, 94, 110, 109, 142, 297, 95, 1338, 81, 294, 87, 98, 80, 106, 418, 106, 109, 152, 125, 205, 78, 282, 169, 105, 197, 99, 183, 96, 110, 114, 142, 90, 100, 190, 91, 93, 72, 68, 100, 164, 115, 138, 267, 93, 394, 73, 328, 229, 66, 90, 86, 111]
126.69	8	0.4	0.6	[203, 86, 22, 104, 123, 90, 127, 91, 212, 445, 111, 89, 114, 86, 150, 47, 152, 154, 296, 99, 159, 139, 77, 223, 105, 93, 179, 87, 133, 198, 88, 346, 139, 156, 81, 88, 103, 113, 100, 97, 90, 85, 95, 54, 115, 83, 78, 92, 363, 90, 268, 92, 78, 147, 191, 75, 95, 99, 84, 126, 76, 98, 87, 380, 82, 104, 84, 169, 70, 139, 120, 109, 125, 115, 119, 145, 135, 126, 151, 83, 90, 78, 95, 67, 313, 85, 83, 92, 120, 97, 97, 89, 96, 166, 133, 89, 168, 85, 105, 99]
161.35	8	0.4	0.8	[101, 79, 88, 91, 123, 136, 106, 80, 73, 118, 50, 84, 261, 102, 109, 88, 95, 91, 76, 154, 86, 138, 72, 71, 95, 129, 103, 111, 114, 70, 151, 99, 298, 96, 114, 79, 224, 308, 77, 102, 114, 97, 119, 99, 66, 97, 78, 79, 84, 114, 422, 105, 114, 1404, 131, 103, 59, 117, 80, 80, 132, 79, 813, 262, 85, 90, 96, 109, 89, 131, 192, 87, 99, 79, 96, 95, 829, 136, 340, 537, 91, 82, 123, 114, 269, 93, 67, 76, 176, 117, 991, 111, 100, 175, 363, 192, 91, 111, 90, 123]
116.67	8	0.4	1.0	[132, 183, 108, 174, 76, 77, 95, 57, 89, 184, 75, 174, 90, 102, 115, 150, 199, 86, 121, 102, 94, 105, 177, 139, 74, 90, 73, 303, 105, 194, 91, 171, 93, 63, 163, 168, 124, 154, 89, 82, 118, 95, 83, 119, 91, 170, 90, 116, 74, 97, 80, 114, 137, 86, 117, 67, 21, 79, 294, 193, 216, 108, 91, 97, 88, 159, 100, 117, 85, 94, 83, 94, 93, 136, 95, 94, 96, 72, 131, 86, 81, 91, 92, 115, 95, 206, 242, 139, 86, 119, 95, 96, 84, 93, 96, 166, 107, 146, 104, 97]
146.59	8	0.6	0.2	[96, 76, 88, 204, 96, 99, 149, 120, 100, 184, 105, 177, 91, 184, 82, 117, 93, 76, 90, 143, 75, 79, 127, 85, 124, 91, 218, 104, 109, 85, 138, 195, 198, 88, 126, 87, 101, 215, 137, 131, 98, 335, 150, 1461, 73, 76, 640, 70, 110, 72, 506, 77, 92, 271, 109, 90, 73, 193, 129, 105, 164, 100, 93, 87, 83, 77, 85, 110, 138, 96, 136, 258, 124, 79, 96, 107, 82, 329, 170, 89, 96, 100, 80, 191, 84, 142, 115, 103, 109, 84, 84, 55, 480, 98, 92, 86, 267, 94, 61, 122]
130.18	8	0.6	0.4	[112, 162, 80, 348, 100, 101, 102, 84, 171, 139, 186, 123, 80, 92, 90, 80, 778, 208, 117, 101, 91, 88, 113, 104, 93, 44, 76, 105, 97, 98, 100, 78, 92, 169, 86, 106, 128, 126, 85, 100, 440, 119, 104, 117, 84, 96, 90, 850, 157, 63, 83, 136, 86, 94, 205, 81, 88, 115, 101, 100, 213, 56, 122, 110, 91, 159, 73, 85, 243, 137, 131, 74, 75, 83, 86, 89, 89, 161, 188, 81, 110, 94, 206, 96, 132, 77, 101, 79, 98, 76, 234, 94, 88, 89, 87, 116, 75, 177, 102, 99]
129.53	8	0.6	0.6	[149, 233, 107, 96, 111, 88, 337, 94, 216, 174, 88, 72, 78, 188, 153, 803, 101, 81, 123, 96, 108, 77, 115, 100, 90, 92, 95, 124, 96, 109, 88, 95, 253, 98, 99, 86, 105, 80, 128, 96, 90, 86, 104, 95, 105, 101, 94, 77, 82, 127, 161, 114, 106, 19, 95, 104, 80, 136, 80, 87, 139, 116, 173, 194, 114, 102, 256, 139, 91, 147, 250, 69, 113, 208, 83, 97, 115, 123, 86, 107, 93, 188, 852, 79, 92, 88, 103, 93, 151, 100, 145, 89, 33, 80, 103, 72, 74, 116, 120, 95]
149.35	8	0.6	0.8	[201, 153, 97, 217, 79, 173, 86, 130, 95, 82, 148, 74, 88, 85, 148, 106, 84, 153, 95, 112, 86, 78, 76, 93, 80, 112, 105, 84, 97, 203, 397, 205, 80, 87, 188, 734, 162, 111, 87, 86, 837, 98, 97, 160, 83, 162, 123, 105, 90, 98, 111, 92, 420, 88, 97, 1059, 45, 124, 90, 250, 204, 221, 89, 107, 97, 119, 75, 565, 72, 91, 87, 131, 122, 122, 151, 155, 91, 85, 231, 129, 74, 182, 136, 34, 119, 102, 190, 106, 101, 94, 89, 161, 83, 89, 113, 125, 145, 100, 68, 94]
136.08	8	0.6	1.0	[329, 85, 189, 420, 239, 78, 104, 90, 101, 137, 72, 126, 104, 74, 99, 211, 96, 97, 268, 90, 100, 92, 77, 126, 114, 128, 250, 109, 113, 109, 89, 299, 80, 134, 82, 90, 106, 331, 109, 99, 80, 107, 94, 101, 93, 132, 98, 194, 103, 188, 100, 105, 86, 114, 101, 81, 91, 74, 88, 85, 212, 97, 399, 87, 351, 54, 102, 101, 98, 93, 463, 117, 159, 144, 90, 90, 91, 90, 88, 97, 119, 223, 94, 98, 102, 243, 74, 111, 96, 168, 107, 87, 219, 115, 353, 139, 80, 70, 226, 100]
125.57	8	0.8	0.2	[98, 86, 81, 102, 93, 98, 87, 119, 89, 82, 76, 87, 127, 106, 92, 81, 182, 89, 80, 90, 176, 161, 119, 76, 183, 86, 102, 101, 463, 198, 91, 60, 175, 121, 96, 77, 180, 185, 89, 194, 84, 118, 81, 119, 79, 98, 80, 110, 83, 188, 245, 76, 101, 169, 88, 89, 118, 132, 79, 97, 100, 83, 119, 112, 79, 94, 88, 78, 84, 134, 71, 99, 79, 85, 107, 93, 96, 170, 117, 85, 95, 166, 162, 125, 157, 108, 89, 165, 96, 94, 140, 105, 82, 109, 109, 145, 109, 93, 1226, 97]
110.4	8	0.8	0.4	[112, 77, 173, 26, 197, 174, 75, 90, 99, 112, 89, 103, 148, 79, 62, 94, 91, 99, 148, 216, 76, 91, 81, 93, 129, 72, 76, 96, 84, 195, 151, 92, 75, 114, 249, 372, 126, 152, 94, 95, 88, 102, 89, 149, 86, 157, 92, 81, 82, 94, 92, 176, 88, 75, 87, 124, 146, 110, 106, 217, 108, 103, 98, 113, 84, 112, 89, 78, 107, 96, 91, 91, 101, 88, 87, 78, 135, 109, 80, 86, 63, 193, 100, 109, 88, 83, 88, 117, 133, 93, 87, 95, 93, 83, 81, 198, 79, 101, 103, 101]
111.41	8	0.8	0.6	[93, 82, 69, 91, 75, 125, 180, 85, 73, 81, 176, 80, 91, 94, 108, 193, 92, 93, 81, 88, 97, 105, 168, 85, 99, 212, 119, 110, 156, 98, 140, 90, 75, 132, 184, 80, 94, 124, 192, 77, 104, 104, 99, 131, 103, 101, 72, 97, 77, 98, 117, 93, 109, 156, 78, 86, 114, 80, 86, 78, 128, 75, 101, 173, 239, 112, 156, 91, 95, 127, 98, 79, 190, 93, 73, 82, 200, 99, 111, 90, 105, 154, 113, 112, 88, 136, 80, 115, 117, 101, 90, 116, 93, 98, 101, 222, 123, 89, 104, 102]
117.65	8	0.8	0.8	[81, 224, 74, 102, 155, 158, 81, 84, 96, 89, 121, 97, 138, 103, 152, 63, 249, 91, 188, 79, 80, 95, 98, 21, 81, 92, 132, 97, 84, 93, 139, 96, 83, 77, 84, 124, 239, 89, 120, 119, 88, 106, 108, 94, 123, 200, 84, 108, 194, 118, 148, 84, 187, 125, 88, 70, 102, 90, 144, 110, 104, 103, 78, 176, 112, 90, 219, 100, 97, 135, 252, 250, 115, 115, 86, 100, 117, 105, 332, 189, 103, 71, 207, 79, 88, 104, 105, 177, 105, 86, 83, 92, 115, 81, 116, 75, 105, 72, 91, 96]
124.32	8	0.8	1.0	[114, 69, 101, 81, 89, 95, 104, 101, 98, 153, 133, 148, 92, 239, 104, 124, 94, 81, 79, 102, 168, 96, 86, 138, 124, 96, 79, 99, 102, 357, 181, 102, 96, 190, 90, 129, 102, 77, 332, 86, 221, 92, 60, 62, 89, 101, 73, 131, 501, 87, 79, 79, 93, 137, 100, 97, 111, 99, 94, 95, 137, 223, 93, 99, 84, 99, 86, 91, 274, 97, 214, 292, 129, 131, 118, 91, 110, 102, 85, 124, 95, 283, 85, 85, 96, 118, 79, 94, 102, 96, 92, 105, 146, 140, 129, 106, 172, 183, 111, 104]
121.92	8	1.0	0.2	[171, 108, 123, 71, 99, 94, 149, 70, 90, 79, 104, 85, 80, 167, 95, 94, 93, 83, 160, 106, 331, 86, 70, 310, 70, 85, 61, 98, 90, 225, 248, 98, 164, 61, 109, 67, 129, 99, 263, 81, 71, 92, 104, 96, 75, 466, 103, 117, 80, 128, 84, 93, 95, 134, 73, 69, 74, 106, 162, 83, 81, 81, 101, 104, 102, 85, 76, 125, 81, 86, 129, 87, 131, 112, 42, 104, 152, 129, 103, 100, 231, 87, 105, 100, 264, 97, 100, 83, 83, 103, 196, 95, 52, 86, 159, 87, 309, 530, 106, 137]
136.27	8	1.0	0.4	[122, 175, 154, 101, 139, 277, 362, 88, 70, 166, 161, 136, 179, 72, 95, 287, 105, 79, 112, 163, 451, 83, 118, 69, 106, 86, 136, 166, 99, 87, 177, 98, 95, 79, 90, 100, 91, 101, 296, 249, 89, 95, 125, 122, 131, 94, 103, 120, 95, 78, 99, 65, 191, 157, 93, 123, 111, 95, 73, 224, 101, 107, 94, 111, 86, 76, 116, 123, 98, 96, 127, 92, 86, 80, 96, 126, 266, 137, 71, 95, 92, 209, 132, 109, 98, 111, 257, 59, 86, 111, 201, 84, 185, 92, 183, 89, 691, 178, 176, 197]
122.95	8	1.0	0.6	[58, 101, 277, 125, 126, 110, 112, 72, 104, 93, 186, 147, 101, 157, 93, 140, 83, 202, 86, 106, 145, 97, 111, 126, 103, 126, 98, 94, 93, 102, 123, 105, 311, 113, 111, 98, 93, 131, 65, 193, 107, 65, 108, 86, 78, 125, 86, 92, 90, 109, 109, 180, 87, 48, 86, 76, 99, 133, 105, 218, 79, 67, 131, 98, 204, 122, 224, 87, 166, 80, 137, 275, 104, 218, 190, 74, 93, 98, 32, 174, 91, 93, 109, 82, 178, 85, 93, 96, 130, 114, 73, 87, 469, 375, 94, 96, 101, 101, 90, 81]
123.13	8	1.0	0.8	[110, 120, 123, 91, 282, 87, 107, 167, 83, 166, 126, 150, 93, 105, 345, 102, 99, 158, 95, 85, 101, 249, 98, 99, 71, 84, 100, 79, 101, 95, 265, 75, 100, 74, 138, 81, 82, 114, 105, 170, 250, 79, 74, 186, 79, 265, 101, 46, 90, 148, 100, 95, 112, 107, 91, 71, 96, 91, 90, 81, 77, 374, 105, 82, 169, 116, 89, 72, 97, 101, 77, 122, 170, 90, 93, 93, 87, 118, 102, 99, 231, 89, 76, 90, 90, 112, 104, 85, 120, 120, 145, 192, 116, 157, 79, 113, 460, 111, 127, 136]
134.98	8	1.0	1.0	[130, 179, 120, 206, 110, 86, 81, 101, 182, 114, 507, 374, 85, 160, 117, 103, 79, 84, 78, 105, 118, 95, 96, 164, 100, 139, 97, 117, 126, 93, 81, 96, 227, 84, 169, 132, 153, 129, 288, 78, 105, 248, 92, 119, 83, 81, 144, 110, 110, 110, 180, 76, 101, 77, 95, 112, 144, 177, 148, 99, 88, 67, 323, 287, 76, 89, 339, 74, 90, 87, 131, 100, 150, 196, 98, 191, 81, 154, 103, 68, 125, 85, 101, 109, 122, 108, 135, 90, 125, 109, 79, 87, 229, 170, 88, 348, 80, 205, 235, 82]
122.65	11	0.2	0.2	[280, 149, 68, 103, 93, 95, 97, 81, 83, 99, 209, 82, 71, 138, 103, 304, 105, 74, 87, 93, 113, 84, 126, 66, 72, 111, 151, 57, 89, 54, 134, 122, 158, 121, 109, 164, 87, 131, 125, 81, 132, 112, 181, 86, 96, 119, 151, 101, 121, 93, 108, 102, 72, 191, 80, 70, 92, 97, 99, 141, 127, 170, 161, 93, 152, 95, 193, 105, 102, 74, 50, 231, 96, 103, 94, 135, 110, 92, 112, 597, 81, 97, 87, 237, 71, 95, 94, 218, 332, 153, 99, 154, 132, 94, 79, 166, 90, 97, 80, 104]
130.99	11	0.2	0.4	[336, 92, 149, 64, 267, 180, 166, 106, 78, 101, 85, 104, 172, 141, 162, 110, 210, 330, 99, 92, 96, 249, 207, 154, 92, 96, 216, 145, 215, 107, 227, 130, 127, 149, 81, 304, 88, 207, 97, 87, 112, 72, 70, 101, 162, 93, 341, 206, 77, 117, 71, 72, 117, 96, 83, 85, 84, 85, 104, 204, 93, 96, 105, 143, 87, 136, 99, 142, 118, 83, 161, 86, 83, 111, 77, 335, 96, 110, 94, 80, 110, 73, 108, 215, 84, 166, 134, 83, 104, 39, 127, 115, 108, 272, 76, 84, 99, 116, 76, 105]
128.94	11	0.2	0.6	[109, 100, 100, 452, 79, 103, 160, 136, 69, 67, 84, 85, 111, 643, 71, 202, 363, 90, 77, 151, 170, 236, 118, 117, 245, 173, 72, 143, 70, 88, 74, 82, 88, 78, 94, 110, 97, 149, 92, 241, 102, 81, 27, 85, 191, 78, 302, 71, 75, 141, 82, 97, 114, 145, 73, 115, 110, 227, 87, 133, 81, 89, 94, 89, 225, 96, 88, 97, 86, 276, 113, 125, 140, 136, 76, 120, 98, 104, 93, 94, 94, 96, 71, 92, 122, 126, 109, 80, 169, 90, 300, 84, 129, 92, 110, 169, 246, 106, 86, 78]
154.53	11	0.2	0.8	[96, 88, 247, 98, 206, 96, 87, 94, 449, 92, 233, 393, 433, 157, 104, 114, 103, 134, 84, 80, 352, 85, 229, 155, 427, 133, 214, 129, 108, 98, 297, 120, 51, 91, 130, 125, 281, 175, 108, 116, 59, 82, 99, 85, 80, 117, 91, 92, 142, 109, 242, 91, 106, 99, 195, 177, 83, 1670, 215, 83, 33, 149, 156, 97, 115, 156, 153, 88, 64, 92, 69, 416, 111, 74, 155, 106, 146, 104, 116, 92, 84, 92, 100, 108, 75, 77, 87, 76, 210, 103, 123, 151, 68, 89, 169, 107, 175, 163, 61, 114]
133.54	11	0.2	1.0	[79, 76, 141, 72, 308, 71, 88, 112, 40, 108, 76, 191, 101, 99, 154, 99, 93, 146, 106, 75, 173, 105, 104, 160, 100, 97, 105, 237, 85, 157, 103, 100, 99, 111, 149, 62, 116, 87, 89, 339, 141, 102, 111, 72, 82, 101, 198, 122, 98, 95, 106, 77, 436, 112, 210, 221, 112, 214, 168, 83, 87, 102, 79, 93, 328, 141, 104, 176, 90, 122, 96, 77, 108, 91, 85, 96, 406, 87, 207, 74, 99, 71, 105, 97, 174, 109, 108, 129, 447, 109, 148, 87, 181, 116, 235, 97, 272, 97, 244, 106]
142.23	11	0.4	0.2	[83, 92, 90, 208, 223, 159, 111, 92, 108, 275, 278, 180, 79, 134, 132, 90, 145, 81, 336, 163, 157, 145, 115, 84, 84, 145, 190, 128, 152, 248, 81, 179, 99, 200, 99, 218, 123, 78, 221, 85, 91, 108, 84, 110, 238, 87, 98, 89, 89, 144, 129, 382, 168, 94, 89, 83, 87, 83, 94, 102, 107, 100, 79, 502, 101, 105, 298, 92, 221, 83, 100, 203, 113, 95, 79, 93, 105, 97, 240, 268, 93, 216, 104, 106, 814, 106, 97, 75, 148, 163, 83, 106, 93, 67, 95, 86, 90, 91, 80, 90]
123.42	11	0.4	0.4	[90, 106, 78, 115, 78, 104, 105, 58, 98, 93, 106, 98, 111, 223, 99, 81, 92, 126, 188, 77, 94, 95, 158, 76, 109, 63, 139, 87, 84, 130, 99, 94, 104, 91, 100, 95, 87, 77, 128, 106, 89, 115, 960, 80, 86, 305, 108, 91, 71, 85, 141, 90, 177, 84, 87, 221, 70, 176, 273, 133, 106, 93, 96, 84, 205, 73, 103, 94, 91, 106, 188, 125, 113, 91, 173, 101, 158, 67, 82, 133, 98, 104, 27, 74, 87, 353, 135, 115, 81, 211, 134, 81, 171, 74, 92, 200, 130, 106, 94, 109]
147.52	11	0.4	0.6	[137, 89, 747, 126, 557, 92, 115, 327, 140, 90, 111, 98, 118, 101, 103, 123, 101, 109, 131, 87, 86, 84, 331, 217, 81, 161, 113, 104, 100, 90, 105, 117, 1369, 92, 608, 115, 70, 88, 97, 80, 83, 80, 97, 620, 131, 86, 151, 187, 112, 84, 104, 87, 88, 147, 92, 148, 84, 87, 148, 84, 92, 96, 85, 168, 92, 222, 90, 111, 113, 179, 91, 166, 97, 94, 75, 154, 93, 123, 74, 92, 102, 98, 104, 78, 92, 77, 98, 91, 174, 197, 83, 100, 78, 87, 100, 109, 144, 77, 100, 146]
144.03	11	0.4	0.8	[73, 91, 183, 151, 91, 97, 90, 243, 717, 117, 92, 233, 160, 122, 78, 81, 175, 172, 82, 82, 119, 232, 224, 178, 145, 173, 83, 111, 119, 102, 91, 139, 171, 91, 220, 97, 75, 131, 155, 70, 157, 103, 81, 221, 292, 90, 117, 120, 128, 91, 91, 89, 83, 222, 54, 137, 84, 149, 130, 80, 136, 91, 136, 81, 83, 77, 122, 107, 79, 177, 347, 108, 80, 126, 85, 324, 118, 93, 113, 86, 167, 78, 110, 676, 167, 93, 85, 99, 152, 177, 199, 120, 69, 247, 259, 120, 353, 111, 91, 86]
115.68	11	0.4	1.0	[89, 98, 122, 214, 153, 100, 94, 214, 68, 82, 82, 97, 158, 230, 106, 115, 91, 307, 117, 82, 81, 112, 116, 84, 221, 192, 78, 223, 89, 86, 90, 85, 105, 103, 76, 273, 98, 79, 102, 236, 89, 128, 115, 113, 112, 72, 58, 89, 107, 95, 111, 117, 101, 75, 74, 89, 95, 93, 112, 146, 124, 111, 77, 96, 163, 127, 82, 115, 100, 80, 81, 90, 129, 103, 121, 169, 105, 86, 98, 89, 89, 90, 112, 82, 60, 184, 104, 111, 29, 180, 164, 151, 116, 91, 226, 108, 111, 106, 99, 70]
122.57	11	0.6	0.2	[79, 183, 90, 91, 160, 118, 88, 102, 173, 71, 212, 197, 121, 90, 85, 98, 90, 147, 101, 83, 121, 190, 89, 153, 186, 88, 75, 84, 75, 189, 176, 66, 140, 80, 186, 88, 189, 72, 96, 101, 108, 341, 93, 564, 111, 78, 121, 128, 102, 138, 107, 159, 85, 99, 94, 102, 77, 82, 101, 145, 95, 104, 88, 83, 93, 82, 64, 73, 101, 65, 664, 112, 93, 137, 95, 114, 104, 86, 87, 87, 129, 125, 70, 97, 147, 83, 113, 136, 131, 101, 89, 129, 78, 71, 86, 179, 105, 89, 111, 103]
153.73	11	0.6	0.4	[84, 169, 128, 77, 122, 86, 92, 119, 78, 87, 89, 226, 86, 105, 99, 90, 96, 102, 1754, 65, 94, 140, 102, 208, 341, 98, 123, 97, 322, 96, 107, 72, 158, 78, 240, 83, 119, 103, 88, 187, 146, 318, 89, 76, 206, 143, 89, 84, 121, 162, 122, 119, 97, 100, 109, 192, 107, 1104, 86, 101, 150, 81, 88, 142, 211, 180, 101, 94, 59, 103, 241, 77, 111, 101, 167, 87, 109, 111, 261, 101, 139, 136, 152, 80, 99, 87, 98, 87, 588, 95, 112, 95, 101, 73, 113, 102, 81, 87, 162, 130]
138.79	11	0.6	0.6	[79, 113, 157, 86, 85, 103, 107, 100, 116, 85, 102, 111, 94, 141, 595, 154, 176, 146, 401, 191, 217, 114, 143, 301, 183, 149, 158, 111, 78, 86, 104, 122, 113, 98, 119, 276, 99, 85, 98, 215, 73, 270, 138, 226, 65, 86, 115, 92, 268, 31, 178, 104, 123, 93, 197, 95, 96, 150, 311, 82, 194, 194, 130, 81, 600, 88, 98, 95, 103, 119, 160, 91, 111, 78, 107, 75, 98, 130, 101, 99, 76, 82, 90, 73, 87, 128, 95, 293, 100, 107, 162, 94, 111, 80, 116, 117, 91, 96, 241, 84]
144.31	11	0.6	0.8	[151, 92, 98, 253, 109, 86, 137, 74, 80, 140, 97, 1636, 232, 122, 129, 86, 79, 86, 133, 83, 246, 164, 110, 193, 116, 91, 103, 245, 324, 266, 123, 102, 100, 82, 91, 101, 91, 205, 89, 212, 86, 79, 99, 221, 70, 96, 53, 135, 159, 134, 90, 103, 137, 109, 84, 91, 65, 141, 113, 47, 79, 105, 94, 133, 188, 112, 101, 97, 94, 86, 154, 216, 190, 119, 81, 75, 45, 56, 217, 83, 63, 86, 101, 93, 81, 957, 164, 80, 76, 84, 123, 100, 108, 194, 234, 72, 142, 93, 106, 80]
129.26	11	0.6	1.0	[82, 78, 94, 139, 82, 258, 92, 84, 75, 87, 104, 93, 103, 99, 95, 85, 108, 94, 94, 93, 128, 79, 83, 71, 126, 177, 173, 89, 143, 103, 64, 270, 88, 140, 397, 39, 68, 98, 170, 107, 101, 168, 160, 101, 89, 109, 97, 145, 88, 92, 105, 456, 153, 172, 111, 87, 113, 114, 90, 461, 101, 99, 86, 115, 86, 101, 246, 132, 82, 211, 82, 179, 182, 125, 100, 137, 129, 565, 99, 192, 86, 88, 109, 107, 138, 98, 109, 93, 197, 70, 136, 94, 78, 128, 73, 96, 217, 98, 112, 86]
126.88	11	0.8	0.2	[118, 89, 80, 241, 90, 100, 209, 165, 89, 73, 106, 47, 86, 97, 105, 108, 90, 96, 61, 130, 79, 66, 1379, 195, 93, 90, 180, 84, 131, 199, 76, 116, 123, 140, 96, 100, 82, 134, 155, 83, 90, 256, 221, 100, 158, 167, 141, 78, 93, 101, 105, 94, 76, 101, 126, 108, 103, 102, 103, 129, 105, 121, 104, 85, 174, 103, 194, 195, 74, 85, 100, 167, 115, 195, 90, 98, 79, 113, 72, 60, 111, 88, 99, 88, 81, 96, 82, 98, 93, 294, 94, 102, 89, 83, 83, 114, 97, 151, 102, 81]
149.52	11	0.8	0.4	[69, 1543, 82, 81, 96, 109, 89, 112, 117, 79, 163, 92, 99, 106, 138, 100, 80, 123, 111, 307, 68, 87, 228, 77, 87, 247, 88, 109, 526, 204, 90, 86, 94, 82, 81, 95, 90, 121, 137, 174, 85, 109, 137, 78, 146, 77, 82, 103, 94, 111, 82, 25, 106, 109, 117, 142, 125, 103, 99, 89, 80, 86, 86, 82, 102, 80, 231, 77, 71, 92, 67, 82, 118, 109, 83, 97, 117, 114, 100, 92, 311, 157, 78, 1017, 86, 100, 102, 108, 1215, 123, 97, 153, 57, 94, 85, 144, 101, 90, 120, 262]
121.49	11	0.8	0.6	[104, 155, 147, 108, 238, 77, 88, 122, 106, 142, 93, 149, 95, 99, 97, 100, 89, 184, 79, 89, 110, 80, 89, 104, 102, 229, 108, 96, 142, 115, 277, 122, 174, 82, 124, 88, 91, 97, 176, 222, 95, 112, 93, 82, 107, 100, 82, 80, 80, 84, 109, 131, 93, 84, 97, 83, 87, 104, 196, 107, 165, 187, 99, 115, 127, 106, 350, 68, 84, 130, 365, 74, 159, 103, 73, 84, 129, 182, 99, 116, 78, 89, 155, 115, 142, 67, 120, 139, 84, 139, 177, 113, 126, 112, 102, 139, 100, 119, 101, 122]
114.06	11	0.8	0.8	[170, 140, 78, 175, 98, 97, 105, 154, 96, 92, 126, 168, 94, 151, 100, 116, 53, 93, 158, 163, 114, 107, 97, 101, 88, 101, 91, 85, 126, 87, 117, 89, 121, 117, 147, 128, 121, 79, 117, 93, 89, 92, 94, 93, 58, 93, 106, 88, 80, 96, 75, 110, 86, 105, 88, 408, 97, 126, 228, 90, 175, 83, 86, 153, 94, 76, 91, 147, 93, 97, 80, 94, 80, 133, 112, 180, 89, 99, 75, 78, 106, 124, 188, 87, 85, 175, 82, 91, 95, 88, 92, 138, 101, 104, 301, 135, 76, 137, 132, 99]
119.09	11	0.8	1.0	[265, 85, 76, 110, 111, 206, 111, 135, 78, 155, 94, 117, 114, 76, 129, 93, 62, 213, 76, 104, 90, 143, 118, 414, 108, 100, 98, 77, 179, 107, 105, 192, 90, 99, 75, 79, 153, 194, 73, 88, 89, 94, 96, 211, 71, 86, 80, 82, 105, 99, 86, 82, 72, 106, 201, 82, 248, 389, 92, 117, 95, 206, 89, 168, 98, 91, 73, 111, 153, 88, 184, 110, 86, 210, 122, 72, 65, 87, 96, 108, 57, 95, 129, 91, 153, 72, 64, 194, 87, 141, 83, 89, 26, 89, 95, 139, 74, 100, 171, 168]
124.76	11	1.0	0.2	[132, 103, 86, 93, 97, 110, 133, 96, 286, 85, 78, 148, 88, 106, 127, 307, 94, 145, 117, 100, 79, 221, 84, 175, 100, 97, 83, 600, 89, 141, 90, 77, 108, 92, 264, 110, 82, 122, 314, 70, 149, 108, 109, 88, 99, 103, 63, 84, 105, 181, 78, 91, 409, 206, 93, 131, 97, 83, 88, 145, 82, 93, 149, 211, 90, 124, 76, 178, 154, 86, 89, 68, 107, 106, 94, 82, 83, 151, 122, 85, 28, 107, 165, 99, 82, 95, 85, 103, 75, 83, 211, 87, 189, 94, 80, 88, 85, 181, 39, 231]
127.52	11	1.0	0.4	[102, 102, 139, 160, 76, 119, 79, 106, 74, 89, 91, 113, 90, 95, 143, 86, 197, 152, 219, 98, 133, 104, 98, 191, 134, 162, 96, 99, 92, 86, 167, 153, 99, 75, 84, 78, 80, 150, 173, 213, 97, 171, 109, 90, 358, 344, 170, 150, 101, 92, 153, 94, 92, 82, 127, 84, 95, 112, 75, 78, 81, 41, 96, 274, 88, 135, 138, 77, 83, 258, 83, 88, 87, 161, 75, 190, 96, 181, 133, 114, 168, 177, 135, 234, 152, 132, 87, 110, 90, 241, 95, 302, 91, 89, 104, 88, 93, 188, 102, 124]
135.19	11	1.0	0.6	[208, 87, 96, 119, 89, 95, 114, 94, 113, 93, 172, 143, 128, 194, 127, 125, 86, 104, 163, 160, 173, 171, 87, 106, 78, 80, 184, 96, 278, 136, 84, 96, 144, 281, 155, 145, 124, 92, 138, 58, 106, 111, 240, 307, 155, 127, 87, 55, 155, 73, 234, 137, 78, 86, 175, 91, 124, 64, 110, 407, 100, 135, 103, 91, 219, 106, 107, 72, 53, 84, 111, 92, 198, 149, 99, 187, 79, 88, 108, 97, 310, 68, 228, 90, 162, 110, 72, 128, 90, 78, 537, 93, 83, 318, 151, 94, 91, 100, 170, 130]
133.0	11	1.0	0.8	[77, 84, 112, 66, 87, 110, 92, 108, 81, 80, 92, 130, 95, 115, 68, 587, 82, 99, 73, 81, 97, 191, 94, 95, 91, 98, 84, 108, 163, 198, 82, 80, 109, 79, 177, 82, 86, 83, 101, 176, 318, 104, 138, 94, 156, 166, 51, 97, 128, 87, 77, 155, 83, 206, 153, 153, 87, 116, 74, 276, 276, 98, 63, 184, 102, 92, 72, 109, 131, 97, 109, 303, 100, 135, 105, 113, 92, 545, 337, 97, 116, 261, 108, 69, 181, 138, 161, 80, 80, 68, 101, 105, 113, 94, 82, 254, 209, 125, 76, 407]
128.75	11	1.0	1.0	[166, 109, 99, 111, 91, 72, 236, 87, 113, 92, 306, 172, 168, 179, 79, 124, 103, 87, 90, 80, 75, 101, 83, 69, 99, 85, 144, 104, 171, 133, 136, 329, 120, 118, 97, 85, 111, 50, 75, 51, 103, 96, 270, 91, 98, 91, 96, 94, 147, 81, 98, 269, 87, 242, 94, 64, 110, 649, 102, 84, 95, 126, 83, 93, 72, 145, 98, 83, 122, 129, 112, 172, 169, 85, 99, 243, 77, 87, 107, 102, 93, 93, 107, 89, 199, 82, 85, 422, 95, 107, 82, 496, 104, 249, 66, 107, 73, 88, 89, 84]
121.33	14	0.2	0.2	[164, 320, 104, 78, 99, 161, 143, 100, 85, 86, 116, 103, 141, 107, 94, 84, 105, 134, 114, 111, 134, 107, 223, 99, 586, 67, 108, 112, 76, 99, 182, 71, 104, 96, 82, 70, 120, 121, 95, 87, 129, 82, 81, 82, 115, 30, 91, 160, 328, 80, 103, 353, 92, 80, 172, 105, 244, 92, 125, 121, 75, 237, 152, 75, 126, 73, 120, 108, 76, 95, 101, 187, 52, 95, 120, 99, 80, 58, 221, 101, 143, 120, 102, 98, 56, 71, 78, 129, 101, 78, 109, 223, 142, 107, 91, 85, 125, 90, 83, 98]
118.07	14	0.2	0.4	[157, 109, 146, 81, 70, 106, 107, 76, 128, 227, 170, 111, 110, 120, 121, 80, 166, 118, 59, 87, 104, 103, 167, 102, 86, 155, 90, 86, 84, 145, 136, 84, 505, 154, 152, 192, 68, 97, 212, 86, 432, 101, 116, 96, 123, 146, 165, 123, 84, 73, 95, 77, 167, 91, 104, 115, 79, 71, 98, 56, 111, 161, 117, 118, 102, 91, 103, 80, 107, 106, 101, 103, 69, 93, 98, 102, 76, 86, 73, 110, 102, 91, 96, 90, 140, 128, 194, 91, 92, 107, 140, 91, 99, 107, 76, 117, 182, 106, 99, 83]
132.83	14	0.2	0.6	[92, 69, 72, 78, 140, 86, 199, 97, 398, 75, 91, 107, 102, 336, 88, 111, 96, 114, 121, 267, 98, 103, 138, 100, 95, 144, 77, 164, 80, 97, 86, 91, 79, 513, 101, 123, 98, 120, 90, 153, 246, 84, 92, 105, 104, 129, 240, 72, 108, 100, 83, 95, 92, 183, 99, 84, 122, 95, 156, 87, 76, 223, 111, 293, 67, 107, 87, 90, 168, 537, 74, 83, 91, 70, 881, 87, 89, 85, 109, 101, 87, 88, 87, 93, 101, 90, 108, 116, 123, 197, 228, 92, 73, 176, 26, 147, 86, 85, 78, 108]
120.84	14	0.2	0.8	[73, 140, 89, 124, 66, 103, 88, 134, 179, 98, 145, 130, 108, 109, 108, 89, 85, 110, 109, 90, 74, 97, 148, 38, 126, 85, 124, 74, 111, 90, 153, 108, 69, 110, 207, 77, 103, 80, 153, 126, 110, 74, 121, 267, 291, 102, 101, 215, 80, 87, 112, 101, 110, 94, 124, 99, 96, 80, 124, 88, 242, 89, 569, 162, 145, 74, 103, 171, 79, 115, 95, 124, 90, 73, 73, 73, 198, 83, 112, 320, 111, 140, 81, 122, 88, 105, 82, 135, 78, 105, 91, 87, 89, 85, 90, 91, 160, 72, 377, 99]
152.19	14	0.2	1.0	[247, 116, 110, 82, 219, 67, 133, 217, 161, 82, 302, 244, 831, 92, 86, 214, 97, 86, 93, 410, 108, 157, 142, 94, 188, 329, 77, 93, 348, 100, 83, 160, 64, 204, 132, 74, 91, 82, 157, 159, 83, 176, 117, 230, 98, 149, 81, 75, 74, 74, 195, 85, 117, 86, 127, 98, 87, 63, 228, 98, 168, 108, 237, 94, 179, 124, 126, 202, 86, 99, 111, 88, 314, 76, 195, 93, 80, 131, 190, 87, 84, 202, 302, 327, 118, 125, 235, 143, 82, 82, 92, 152, 266, 110, 92, 82, 597, 80, 157, 31]
120.5	14	0.4	0.2	[104, 95, 93, 293, 102, 100, 98, 71, 127, 114, 118, 105, 178, 78, 82, 94, 108, 97, 136, 101, 96, 73, 507, 108, 97, 95, 119, 100, 118, 132, 40, 84, 186, 150, 134, 171, 94, 117, 112, 90, 129, 105, 84, 110, 604, 106, 78, 95, 91, 107, 90, 125, 120, 90, 88, 90, 85, 92, 119, 130, 85, 80, 90, 77, 97, 82, 188, 68, 82, 120, 114, 137, 181, 138, 92, 97, 89, 80, 87, 228, 97, 146, 43, 191, 88, 86, 163, 119, 110, 376, 155, 80, 67, 104, 102, 116, 78, 102, 74, 86]
117.09	14	0.4	0.4	[130, 75, 91, 264, 165, 149, 87, 80, 61, 78, 82, 282, 83, 85, 119, 99, 111, 94, 94, 80, 97, 130, 89, 79, 75, 76, 97, 91, 76, 95, 154, 112, 127, 115, 78, 83, 84, 115, 92, 272, 197, 139, 114, 106, 146, 108, 81, 119, 96, 135, 141, 73, 142, 92, 79, 92, 390, 86, 83, 91, 105, 129, 132, 91, 77, 98, 97, 76, 91, 37, 74, 119, 115, 154, 129, 79, 73, 87, 154, 87, 83, 82, 178, 123, 159, 100, 111, 128, 114, 236, 139, 121, 192, 91, 82, 121, 119, 369, 93, 108]
137.34	14	0.4	0.6	[133, 68, 155, 73, 189, 84, 131, 87, 283, 69, 95, 84, 91, 93, 76, 154, 97, 85, 142, 82, 102, 125, 204, 610, 80, 79, 149, 139, 136, 96, 96, 136, 72, 96, 89, 110, 97, 120, 114, 117, 89, 113, 78, 132, 160, 73, 87, 100, 112, 129, 164, 105, 87, 122, 101, 142, 216, 136, 76, 407, 880, 132, 103, 104, 156, 89, 93, 88, 142, 111, 94, 135, 87, 70, 110, 111, 216, 32, 102, 73, 119, 96, 145, 99, 79, 76, 93, 97, 117, 133, 107, 88, 326, 981, 111, 112, 87, 93, 95, 85]
173.18	14	0.4	0.8	[103, 86, 501, 98, 88, 73, 139, 80, 142, 261, 77, 159, 116, 58, 103, 101, 82, 107, 88, 87, 121, 111, 89, 122, 66, 161, 126, 152, 97, 84, 114, 101, 144, 104, 425, 95, 96, 93, 78, 190, 79, 99, 77, 92, 323, 183, 170, 98, 65, 104, 84, 112, 94, 455, 181, 95, 352, 111, 162, 85, 283, 100, 877, 92, 95, 930, 1263, 49, 140, 643, 86, 76, 100, 576, 125, 106, 79, 113, 74, 81, 138, 88, 101, 157, 98, 91, 150, 360, 146, 88, 102, 151, 67, 209, 811, 101, 172, 89, 90, 82]
129.03	14	0.4	1.0	[214, 222, 196, 59, 140, 115, 115, 80, 147, 257, 105, 72, 182, 107, 108, 85, 174, 125, 200, 84, 75, 165, 410, 93, 115, 99, 111, 108, 135, 88, 102, 117, 58, 92, 244, 100, 128, 144, 104, 99, 92, 225, 84, 97, 91, 66, 97, 238, 80, 94, 112, 96, 104, 301, 116, 122, 94, 110, 259, 100, 168, 108, 102, 87, 182, 361, 110, 82, 66, 87, 73, 96, 77, 125, 129, 173, 104, 97, 98, 174, 84, 79, 180, 67, 144, 322, 77, 150, 104, 158, 162, 95, 100, 97, 80, 75, 172, 153, 76, 77]
130.06	14	0.6	0.2	[94, 107, 178, 77, 131, 82, 159, 89, 68, 80, 173, 171, 104, 79, 96, 123, 83, 94, 84, 87, 83, 342, 82, 115, 89, 515, 67, 163, 88, 167, 159, 151, 108, 96, 85, 145, 96, 86, 96, 95, 82, 103, 93, 184, 84, 124, 68, 128, 154, 106, 110, 92, 71, 125, 127, 104, 169, 94, 97, 80, 504, 80, 256, 85, 94, 91, 86, 96, 923, 147, 96, 111, 91, 84, 84, 66, 114, 84, 92, 80, 93, 100, 93, 479, 105, 118, 118, 79, 200, 91, 132, 165, 70, 122, 123, 106, 82, 98, 87, 99]
134.41	14	0.6	0.4	[93, 259, 86, 129, 139, 296, 75, 435, 30, 90, 97, 290, 149, 115, 122, 108, 209, 116, 166, 101, 94, 108, 210, 89, 103, 93, 75, 143, 79, 113, 104, 814, 99, 194, 170, 190, 89, 195, 108, 506, 145, 141, 95, 129, 116, 81, 88, 80, 126, 92, 31, 87, 112, 133, 101, 124, 118, 79, 104, 186, 75, 156, 117, 142, 114, 92, 93, 105, 89, 98, 118, 80, 94, 426, 106, 82, 139, 96, 110, 89, 101, 86, 114, 86, 88, 86, 111, 103, 76, 130, 89, 177, 81, 112, 89, 91, 180, 128, 121, 122]
133.98	14	0.6	0.6	[121, 289, 128, 177, 107, 92, 103, 183, 106, 92, 98, 121, 118, 110, 86, 91, 107, 98, 100, 502, 73, 337, 136, 85, 85, 93, 156, 132, 52, 79, 126, 197, 233, 174, 84, 90, 84, 227, 157, 108, 220, 91, 164, 88, 85, 97, 79, 158, 108, 259, 81, 88, 109, 82, 88, 91, 92, 195, 280, 96, 310, 78, 82, 86, 200, 112, 132, 119, 90, 91, 77, 122, 91, 98, 87, 74, 96, 86, 455, 137, 93, 123, 106, 94, 83, 178, 105, 100, 173, 125, 71, 92, 153, 71, 98, 178, 198, 92, 467, 87]
135.73	14	0.6	0.8	[80, 130, 74, 81, 89, 394, 153, 107, 88, 76, 99, 90, 231, 94, 82, 149, 125, 101, 169, 76, 269, 77, 142, 93, 125, 73, 182, 93, 115, 97, 90, 190, 93, 84, 80, 32, 627, 101, 122, 146, 53, 90, 98, 95, 126, 147, 105, 356, 82, 67, 91, 99, 114, 112, 73, 77, 86, 117, 79, 89, 113, 194, 95, 253, 89, 179, 113, 99, 141, 83, 122, 83, 100, 99, 125, 104, 243, 76, 117, 92, 95, 95, 75, 174, 98, 119, 244, 82, 115, 85, 105, 109, 967, 92, 119, 165, 513, 104, 122, 100]
139.45	14	0.6	1.0	[90, 124, 195, 174, 149, 109, 94, 83, 90, 468, 88, 85, 98, 103, 87, 110, 116, 113, 94, 135, 68, 555, 93, 270, 70, 101, 74, 160, 89, 138, 79, 89, 284, 162, 139, 110, 196, 83, 102, 118, 92, 101, 97, 242, 412, 124, 83, 192, 145, 82, 147, 182, 128, 104, 85, 148, 95, 95, 81, 119, 84, 483, 104, 97, 97, 185, 91, 440, 93, 84, 100, 130, 82, 158, 133, 73, 128, 110, 83, 128, 249, 86, 112, 106, 72, 117, 127, 74, 90, 110, 74, 81, 97, 409, 252, 89, 113, 284, 105, 76]
126.9	14	0.8	0.2	[81, 151, 180, 101, 108, 66, 84, 112, 242, 191, 131, 115, 85, 95, 74, 115, 122, 1599, 103, 78, 83, 134, 68, 253, 141, 92, 107, 86, 82, 81, 141, 113, 75, 88, 80, 84, 105, 84, 232, 79, 132, 96, 111, 93, 86, 102, 83, 120, 161, 136, 125, 108, 163, 84, 84, 80, 120, 107, 75, 92, 78, 128, 100, 85, 90, 132, 90, 129, 104, 100, 156, 82, 107, 140, 88, 190, 119, 82, 72, 152, 142, 129, 95, 84, 170, 56, 111, 92, 77, 197, 135, 74, 87, 89, 97, 80, 108, 91, 248, 105]
126.15	14	0.8	0.4	[85, 86, 94, 102, 79, 98, 202, 94, 57, 129, 89, 160, 98, 84, 91, 93, 158, 155, 85, 103, 82, 66, 98, 100, 95, 108, 102, 90, 99, 79, 26, 130, 85, 258, 277, 95, 86, 237, 154, 295, 92, 96, 52, 78, 146, 86, 118, 93, 96, 80, 133, 98, 128, 850, 192, 102, 109, 85, 81, 143, 69, 104, 203, 114, 103, 236, 103, 93, 77, 168, 74, 128, 131, 71, 86, 92, 157, 133, 120, 122, 84, 125, 93, 82, 124, 81, 199, 260, 132, 219, 116, 102, 112, 171, 129, 69, 238, 149, 93, 91]
141.43	14	0.8	0.6	[104, 101, 116, 85, 135, 77, 91, 103, 183, 190, 123, 94, 145, 93, 95, 98, 98, 92, 100, 89, 94, 150, 251, 96, 276, 82, 1518, 103, 143, 161, 114, 72, 85, 97, 1150, 74, 94, 572, 124, 109, 83, 82, 74, 103, 101, 98, 95, 95, 105, 139, 100, 98, 97, 150, 99, 87, 90, 91, 225, 82, 115, 123, 106, 108, 98, 94, 82, 78, 107, 108, 114, 104, 125, 83, 142, 83, 131, 105, 101, 122, 116, 76, 105, 95, 102, 102, 116, 60, 101, 131, 86, 270, 70, 167, 78, 88, 159, 166, 163, 92]
121.4	14	0.8	0.8	[93, 170, 93, 119, 39, 189, 86, 99, 104, 89, 95, 110, 96, 91, 70, 52, 97, 82, 74, 80, 103, 105, 97, 91, 87, 97, 80, 111, 88, 79, 102, 74, 92, 232, 163, 84, 197, 144, 102, 83, 100, 169, 93, 74, 98, 106, 85, 104, 91, 145, 188, 100, 91, 77, 130, 99, 79, 144, 74, 80, 74, 97, 95, 98, 244, 88, 96, 91, 118, 252, 191, 155, 78, 89, 92, 109, 107, 88, 56, 130, 119, 95, 133, 84, 91, 119, 202, 1515, 80, 130, 103, 104, 73, 133, 93, 89, 82, 79, 114, 88]
132.37	14	0.8	1.0	[77, 153, 106, 73, 94, 88, 108, 117, 119, 85, 114, 117, 87, 169, 214, 77, 198, 117, 153, 100, 81, 71, 102, 298, 79, 65, 103, 286, 105, 70, 170, 90, 107, 72, 85, 323, 106, 152, 96, 150, 93, 107, 98, 85, 75, 79, 89, 104, 95, 95, 129, 79, 358, 143, 97, 116, 112, 82, 238, 85, 90, 108, 96, 133, 90, 82, 94, 287, 85, 74, 160, 244, 363, 79, 123, 80, 337, 478, 87, 221, 98, 140, 88, 84, 89, 88, 92, 163, 82, 65, 110, 121, 90, 91, 98, 88, 101, 308, 505, 89]
130.3	14	1.0	0.2	[98, 98, 94, 169, 160, 86, 67, 71, 109, 90, 116, 101, 162, 73, 155, 89, 93, 89, 121, 83, 103, 25, 78, 82, 109, 102, 86, 113, 95, 123, 78, 385, 107, 244, 248, 97, 95, 190, 155, 44, 84, 100, 84, 169, 81, 112, 302, 354, 193, 96, 208, 86, 93, 222, 120, 115, 163, 163, 100, 144, 231, 161, 139, 195, 75, 116, 103, 91, 132, 71, 101, 114, 119, 167, 172, 150, 116, 106, 106, 81, 76, 408, 147, 103, 142, 233, 86, 267, 85, 72, 171, 128, 151, 105, 86, 181, 67, 112, 112, 80]
125.36	14	1.0	0.4	[120, 84, 95, 228, 138, 81, 123, 90, 106, 90, 89, 96, 103, 118, 105, 99, 102, 83, 92, 197, 93, 89, 84, 119, 79, 281, 71, 107, 151, 92, 95, 83, 80, 166, 145, 86, 86, 182, 240, 138, 119, 113, 105, 112, 91, 103, 88, 197, 189, 87, 171, 69, 88, 103, 82, 236, 96, 83, 98, 85, 187, 173, 241, 299, 92, 400, 82, 81, 91, 260, 33, 120, 187, 87, 82, 182, 91, 140, 61, 127, 127, 227, 96, 91, 134, 98, 118, 150, 177, 136, 109, 79, 112, 138, 59, 165, 113, 95, 75, 200]
124.33	14	1.0	0.6	[85, 171, 91, 112, 86, 149, 474, 150, 178, 181, 103, 91, 84, 99, 96, 154, 78, 82, 83, 99, 91, 100, 186, 158, 109, 80, 70, 75, 114, 157, 345, 43, 95, 64, 105, 101, 477, 142, 91, 142, 109, 143, 120, 103, 100, 84, 72, 71, 157, 244, 74, 126, 116, 289, 83, 81, 138, 92, 145, 87, 131, 118, 136, 101, 92, 95, 115, 76, 169, 120, 83, 110, 78, 102, 296, 109, 84, 95, 49, 88, 87, 27, 129, 88, 130, 85, 127, 91, 101, 85, 75, 74, 95, 93, 86, 170, 384, 89, 86, 259]
118.05	14	1.0	0.8	[86, 91, 193, 71, 99, 71, 325, 90, 99, 82, 105, 106, 98, 67, 95, 78, 98, 85, 131, 86, 101, 85, 109, 136, 186, 143, 152, 89, 86, 84, 107, 90, 100, 108, 146, 122, 109, 87, 120, 101, 113, 170, 152, 116, 114, 302, 305, 101, 89, 88, 95, 240, 140, 70, 82, 77, 128, 97, 86, 111, 109, 279, 149, 99, 114, 92, 155, 92, 89, 97, 103, 471, 69, 154, 84, 94, 84, 78, 79, 65, 141, 89, 116, 94, 61, 143, 149, 69, 93, 109, 167, 150, 35, 74, 81, 81, 114, 109, 189, 92]
120.45	14	1.0	1.0	[79, 72, 111, 108, 115, 117, 96, 117, 181, 155, 77, 369, 110, 258, 316, 32, 112, 99, 155, 76, 86, 27, 108, 32, 119, 94, 78, 189, 80, 121, 235, 104, 94, 90, 88, 157, 128, 89, 47, 146, 88, 104, 123, 76, 129, 111, 139, 85, 69, 116, 70, 72, 277, 108, 91, 101, 79, 418, 92, 146, 80, 178, 45, 90, 120, 81, 154, 503, 99, 142, 83, 95, 141, 114, 116, 94, 142, 97, 129, 101, 99, 45, 43, 132, 77, 95, 81, 170, 83, 99, 113, 86, 99, 58, 96, 83, 94, 219, 84, 224]
128.43	17	0.2	0.2	[109, 347, 60, 101, 169, 113, 109, 114, 123, 215, 126, 87, 193, 111, 113, 89, 82, 107, 448, 97, 131, 106, 170, 83, 365, 94, 102, 86, 120, 109, 120, 100, 130, 154, 114, 154, 33, 255, 91, 105, 181, 104, 371, 106, 286, 90, 102, 79, 75, 103, 103, 124, 199, 95, 98, 79, 88, 200, 90, 285, 93, 97, 97, 131, 127, 88, 81, 82, 102, 86, 135, 113, 125, 209, 142, 57, 97, 98, 59, 205, 94, 99, 74, 128, 106, 112, 88, 136, 102, 143, 90, 75, 90, 87, 135, 198, 88, 191, 102, 88]
123.96	17	0.2	0.4	[97, 87, 139, 93, 101, 89, 81, 110, 101, 110, 98, 86, 107, 92, 122, 192, 97, 131, 69, 101, 175, 95, 133, 253, 212, 87, 114, 83, 203, 94, 77, 94, 86, 135, 93, 490, 88, 85, 65, 98, 100, 148, 88, 90, 108, 87, 111, 424, 154, 65, 116, 86, 122, 94, 137, 100, 104, 660, 138, 100, 116, 143, 117, 133, 81, 83, 130, 112, 87, 136, 63, 99, 123, 104, 93, 110, 81, 93, 431, 88, 91, 83, 61, 90, 136, 106, 109, 111, 161, 70, 88, 95, 140, 103, 121, 134, 97, 56, 100, 126]
114.97	17	0.2	0.6	[95, 98, 88, 92, 150, 105, 79, 105, 90, 92, 81, 78, 106, 119, 86, 74, 181, 151, 88, 129, 194, 199, 114, 93, 102, 94, 315, 155, 96, 97, 168, 95, 81, 120, 126, 92, 104, 75, 118, 81, 101, 93, 135, 142, 90, 98, 217, 108, 163, 90, 139, 157, 91, 288, 145, 113, 86, 91, 92, 204, 91, 82, 154, 169, 101, 86, 155, 84, 91, 78, 102, 87, 91, 108, 135, 185, 72, 98, 86, 86, 113, 241, 54, 122, 68, 82, 149, 91, 84, 90, 114, 136, 69, 85, 127, 145, 133, 74, 62, 68]
134.24	17	0.2	0.8	[83, 66, 97, 127, 105, 145, 96, 95, 149, 127, 168, 120, 97, 76, 73, 148, 253, 39, 94, 95, 97, 270, 141, 171, 174, 105, 124, 94, 92, 100, 84, 163, 81, 174, 94, 184, 136, 168, 696, 63, 122, 121, 97, 74, 89, 94, 78, 75, 164, 101, 100, 86, 84, 86, 69, 92, 85, 99, 97, 77, 355, 92, 39, 80, 138, 78, 85, 105, 87, 108, 182, 90, 101, 80, 63, 87, 86, 130, 117, 138, 246, 212, 120, 101, 110, 58, 87, 237, 115, 401, 109, 94, 900, 465, 70, 117, 104, 98, 86, 99]
133.94	17	0.2	1.0	[82, 105, 115, 255, 89, 189, 80, 100, 111, 80, 133, 140, 134, 162, 99, 130, 138, 124, 80, 99, 58, 80, 109, 160, 92, 95, 89, 194, 274, 128, 196, 104, 94, 374, 87, 127, 105, 93, 81, 102, 112, 93, 227, 202, 109, 225, 261, 119, 142, 117, 181, 104, 106, 85, 74, 140, 101, 153, 180, 135, 229, 107, 122, 98, 68, 124, 88, 73, 81, 98, 143, 98, 140, 101, 92, 126, 177, 77, 104, 210, 112, 127, 108, 91, 88, 86, 104, 94, 183, 101, 113, 448, 244, 120, 195, 107, 166, 87, 148, 363]
119.94	17	0.4	0.2	[41, 99, 101, 96, 82, 102, 120, 104, 221, 102, 117, 78, 190, 112, 104, 65, 200, 147, 87, 79, 138, 87, 89, 78, 96, 132, 106, 108, 105, 97, 110, 140, 199, 110, 87, 168, 165, 96, 96, 84, 116, 119, 119, 91, 67, 84, 139, 83, 112, 117, 84, 107, 96, 443, 101, 113, 139, 81, 93, 163, 62, 84, 96, 140, 107, 99, 87, 94, 102, 78, 65, 117, 93, 86, 94, 74, 134, 160, 319, 87, 95, 107, 100, 107, 83, 135, 137, 90, 128, 85, 98, 83, 88, 101, 88, 158, 899, 91, 44, 94]
131.8	17	0.4	0.4	[157, 105, 101, 110, 54, 144, 87, 579, 371, 368, 113, 57, 94, 107, 79, 98, 189, 87, 107, 144, 79, 100, 182, 88, 111, 88, 94, 119, 87, 103, 123, 130, 113, 90, 97, 92, 88, 128, 99, 88, 83, 101, 116, 120, 132, 826, 109, 323, 90, 132, 132, 121, 87, 86, 390, 75, 127, 103, 107, 83, 95, 97, 110, 86, 119, 108, 67, 84, 79, 127, 108, 188, 154, 85, 87, 70, 131, 82, 77, 99, 150, 88, 96, 98, 113, 97, 83, 120, 254, 150, 104, 155, 101, 168, 23, 139, 247, 125, 99, 124]
136.02	17	0.4	0.6	[118, 81, 88, 118, 288, 70, 77, 81, 86, 94, 109, 76, 84, 123, 103, 76, 240, 84, 121, 78, 124, 101, 269, 119, 112, 178, 93, 94, 87, 100, 142, 101, 79, 63, 91, 52, 206, 98, 78, 74, 126, 97, 103, 163, 87, 162, 99, 89, 325, 111, 95, 84, 147, 96, 77, 150, 52, 92, 195, 93, 173, 94, 80, 123, 146, 93, 122, 126, 149, 97, 89, 307, 1242, 81, 111, 950, 245, 247, 70, 89, 90, 94, 88, 110, 136, 120, 117, 86, 99, 77, 123, 99, 103, 92, 97, 139, 90, 101, 103, 105]
140.68	17	0.4	0.8	[111, 93, 27, 262, 30, 655, 117, 70, 117, 508, 93, 83, 97, 80, 109, 127, 101, 80, 71, 145, 126, 94, 989, 103, 141, 73, 85, 134, 98, 158, 141, 76, 126, 86, 140, 106, 147, 91, 85, 115, 62, 69, 95, 119, 147, 74, 107, 568, 83, 150, 91, 97, 95, 126, 143, 71, 104, 93, 91, 77, 138, 90, 145, 176, 125, 667, 142, 134, 92, 279, 95, 101, 210, 96, 84, 103, 69, 164, 109, 78, 105, 243, 95, 74, 95, 210, 115, 127, 98, 76, 127, 123, 97, 247, 103, 81, 71, 108, 135, 89]
121.82	17	0.4	1.0	[100, 347, 80, 123, 172, 69, 101, 116, 104, 168, 97, 80, 95, 79, 93, 114, 91, 143, 146, 197, 74, 109, 120, 96, 96, 85, 167, 96, 85, 100, 51, 95, 96, 319, 188, 132, 26, 119, 90, 116, 82, 132, 37, 83, 98, 172, 239, 93, 543, 94, 68, 110, 90, 84, 90, 101, 156, 75, 97, 117, 56, 195, 96, 93, 282, 92, 142, 76, 77, 141, 118, 95, 108, 109, 123, 139, 95, 98, 154, 230, 211, 87, 89, 79, 99, 114, 87, 98, 119, 118, 138, 94, 129, 94, 258, 94, 81, 145, 53, 140]
116.69	17	0.6	0.2	[88, 117, 111, 96, 117, 102, 49, 146, 91, 99, 225, 85, 91, 106, 104, 85, 116, 157, 102, 391, 99, 99, 100, 72, 131, 73, 94, 105, 82, 106, 114, 147, 75, 89, 74, 126, 88, 165, 95, 120, 109, 76, 227, 84, 79, 289, 274, 90, 96, 94, 73, 115, 75, 127, 107, 162, 137, 116, 95, 108, 120, 85, 104, 119, 102, 414, 84, 93, 85, 94, 86, 103, 86, 65, 40, 105, 104, 116, 178, 202, 99, 89, 41, 94, 92, 142, 144, 333, 83, 174, 95, 89, 95, 88, 74, 119, 91, 103, 78, 96]
138.53	17	0.6	0.4	[79, 157, 73, 119, 118, 128, 85, 92, 153, 108, 81, 98, 95, 821, 121, 182, 121, 174, 131, 458, 75, 88, 75, 77, 72, 81, 90, 207, 140, 111, 103, 90, 82, 67, 95, 122, 87, 147, 109, 141, 94, 184, 88, 71, 168, 113, 164, 91, 76, 29, 117, 135, 140, 144, 109, 104, 78, 91, 89, 112, 227, 591, 85, 150, 165, 731, 90, 169, 188, 115, 100, 150, 83, 89, 103, 82, 210, 153, 77, 103, 127, 104, 182, 86, 175, 153, 144, 75, 132, 130, 88, 220, 78, 85, 120, 184, 74, 164, 131, 90]
119.46	17	0.6	0.6	[103, 118, 117, 91, 124, 77, 123, 91, 108, 92, 247, 116, 82, 76, 91, 97, 797, 89, 112, 105, 82, 112, 127, 80, 81, 105, 86, 92, 84, 475, 120, 345, 84, 137, 140, 86, 76, 97, 84, 81, 81, 77, 166, 145, 118, 81, 143, 91, 139, 87, 269, 81, 80, 89, 89, 140, 100, 96, 96, 87, 108, 151, 141, 97, 87, 82, 78, 103, 99, 92, 86, 95, 107, 102, 90, 98, 83, 127, 85, 101, 90, 69, 94, 47, 64, 67, 79, 87, 104, 100, 81, 108, 83, 93, 93, 79, 124, 94, 86, 607]
155.19	17	0.6	0.8	[95, 83, 142, 207, 158, 85, 89, 125, 224, 145, 108, 117, 203, 178, 323, 110, 96, 161, 96, 91, 76, 85, 94, 98, 97, 106, 116, 135, 72, 104, 96, 93, 83, 73, 110, 744, 791, 111, 301, 73, 122, 161, 78, 149, 103, 67, 85, 203, 191, 91, 213, 97, 220, 100, 82, 127, 101, 39, 98, 88, 109, 133, 72, 181, 195, 338, 101, 133, 96, 81, 114, 307, 120, 585, 86, 58, 89, 94, 149, 167, 88, 198, 151, 88, 88, 136, 94, 122, 90, 86, 96, 92, 252, 127, 188, 98, 43, 197, 124, 1244]
122.21	17	0.6	1.0	[97, 93, 124, 163, 89, 103, 273, 89, 111, 79, 95, 76, 93, 240, 83, 81, 135, 205, 98, 96, 88, 100, 79, 89, 210, 89, 105, 79, 86, 116, 66, 86, 119, 87, 110, 148, 90, 185, 85, 98, 91, 114, 71, 123, 92, 95, 59, 87, 81, 147, 103, 98, 121, 389, 79, 81, 212, 85, 84, 80, 78, 206, 139, 211, 108, 105, 93, 113, 212, 199, 76, 116, 88, 91, 95, 121, 193, 107, 77, 74, 197, 97, 92, 231, 321, 103, 70, 214, 98, 177, 185, 95, 107, 122, 90, 87, 166, 130, 201, 106]
118.02	17	0.8	0.2	[95, 108, 89, 105, 161, 78, 121, 85, 104, 508, 152, 108, 144, 83, 258, 101, 96, 97, 140, 92, 157, 99, 126, 63, 90, 100, 118, 96, 97, 70, 123, 95, 95, 90, 144, 93, 174, 96, 109, 96, 88, 92, 98, 187, 204, 92, 107, 98, 87, 263, 85, 74, 92, 67, 137, 81, 97, 102, 96, 90, 60, 64, 189, 121, 62, 120, 73, 98, 89, 83, 109, 113, 296, 85, 95, 114, 135, 73, 91, 136, 145, 146, 111, 82, 112, 141, 96, 99, 85, 88, 110, 103, 133, 107, 151, 93, 381, 95, 82, 143]
122.31	17	0.8	0.4	[90, 236, 118, 97, 267, 88, 114, 95, 122, 84, 118, 107, 104, 117, 70, 110, 81, 74, 114, 109, 95, 324, 105, 147, 147, 118, 92, 149, 116, 95, 98, 151, 93, 80, 151, 123, 139, 101, 103, 95, 268, 95, 89, 128, 111, 118, 111, 91, 124, 107, 85, 99, 96, 85, 200, 103, 90, 110, 85, 115, 205, 99, 181, 77, 95, 85, 94, 233, 188, 207, 132, 108, 132, 115, 136, 114, 106, 151, 88, 101, 80, 88, 121, 79, 103, 82, 81, 121, 127, 172, 103, 84, 92, 60, 81, 89, 270, 411, 95, 98]
113.4	17	0.8	0.6	[74, 71, 72, 110, 94, 112, 123, 78, 97, 107, 86, 122, 222, 100, 235, 81, 193, 111, 81, 87, 76, 102, 68, 107, 338, 105, 77, 143, 170, 184, 64, 151, 102, 81, 93, 83, 95, 179, 131, 137, 86, 105, 86, 79, 138, 95, 140, 105, 94, 77, 90, 155, 88, 94, 176, 100, 265, 101, 96, 102, 110, 105, 163, 165, 75, 88, 85, 76, 82, 91, 124, 36, 112, 117, 216, 79, 109, 76, 82, 106, 90, 87, 116, 107, 86, 115, 86, 167, 55, 208, 141, 89, 72, 70, 250, 94, 91, 108, 79, 118]
119.61	17	0.8	0.8	[97, 109, 118, 96, 103, 71, 139, 92, 240, 194, 79, 81, 112, 96, 112, 101, 82, 90, 94, 85, 193, 175, 236, 110, 174, 93, 91, 364, 88, 91, 79, 175, 75, 104, 98, 91, 90, 103, 112, 119, 207, 144, 110, 97, 82, 100, 130, 107, 126, 81, 192, 105, 173, 92, 88, 148, 137, 97, 93, 93, 128, 89, 210, 253, 124, 93, 142, 72, 73, 92, 117, 79, 101, 122, 140, 88, 85, 72, 96, 93, 86, 72, 127, 84, 171, 124, 199, 83, 87, 87, 93, 79, 101, 145, 135, 271, 87, 98, 77, 232]
137.65	17	0.8	1.0	[78, 531, 102, 94, 104, 119, 65, 95, 97, 92, 145, 84, 110, 125, 78, 101, 94, 96, 108, 92, 87, 88, 82, 306, 100, 87, 105, 103, 83, 268, 570, 82, 304, 157, 323, 100, 98, 68, 90, 121, 111, 84, 102, 126, 92, 90, 93, 131, 129, 162, 158, 106, 71, 90, 106, 189, 163, 121, 91, 90, 96, 134, 89, 88, 91, 343, 243, 125, 89, 148, 99, 185, 195, 88, 83, 191, 76, 112, 88, 103, 189, 270, 127, 92, 161, 90, 90, 154, 104, 229, 383, 102, 167, 126, 74, 211, 174, 92, 220, 107]
143.51	17	1.0	0.2	[93, 106, 62, 72, 169, 98, 128, 97, 87, 165, 137, 168, 259, 94, 130, 99, 178, 106, 101, 114, 73, 346, 66, 87, 95, 205, 257, 88, 147, 166, 105, 202, 83, 176, 101, 115, 287, 190, 78, 79, 126, 78, 72, 104, 87, 84, 100, 106, 102, 91, 94, 335, 130, 105, 729, 132, 84, 228, 99, 94, 357, 108, 223, 99, 94, 82, 585, 83, 119, 152, 91, 82, 86, 68, 76, 33, 408, 83, 98, 47, 104, 108, 84, 147, 165, 111, 168, 109, 80, 118, 97, 558, 254, 181, 114, 97, 127, 186, 104, 76]
125.02	17	1.0	0.4	[162, 124, 129, 147, 151, 88, 76, 117, 485, 113, 204, 95, 99, 88, 101, 160, 94, 87, 102, 107, 84, 183, 73, 466, 76, 88, 89, 116, 188, 131, 101, 125, 81, 120, 81, 82, 73, 94, 102, 125, 168, 129, 156, 105, 310, 147, 83, 104, 100, 122, 82, 120, 96, 131, 237, 143, 66, 101, 99, 101, 144, 78, 158, 79, 91, 167, 90, 99, 74, 106, 32, 284, 284, 74, 81, 79, 149, 133, 101, 101, 103, 97, 206, 80, 80, 117, 100, 103, 102, 89, 84, 98, 221, 201, 145, 109, 109, 101, 69, 77]
127.51	17	1.0	0.6	[199, 83, 94, 83, 102, 80, 118, 164, 111, 62, 153, 83, 76, 104, 92, 136, 114, 77, 114, 278, 89, 106, 87, 91, 94, 199, 85, 89, 94, 107, 174, 69, 27, 557, 103, 107, 103, 131, 125, 100, 333, 95, 92, 53, 77, 90, 113, 98, 97, 104, 212, 210, 99, 133, 91, 123, 102, 129, 93, 346, 110, 147, 154, 83, 87, 82, 104, 153, 397, 316, 96, 115, 83, 112, 105, 97, 179, 90, 148, 124, 130, 67, 112, 90, 346, 151, 80, 100, 205, 98, 109, 89, 90, 71, 112, 78, 92, 77, 82, 240]
127.73	17	1.0	0.8	[97, 149, 110, 119, 127, 112, 185, 79, 77, 109, 86, 165, 113, 97, 170, 193, 247, 124, 98, 86, 99, 87, 111, 142, 346, 88, 93, 87, 145, 190, 95, 111, 174, 85, 180, 125, 106, 82, 80, 81, 99, 94, 279, 86, 166, 101, 88, 188, 77, 89, 94, 86, 181, 211, 122, 120, 85, 87, 94, 101, 107, 92, 150, 633, 98, 92, 77, 150, 118, 97, 127, 89, 82, 71, 169, 85, 455, 88, 84, 83, 88, 99, 113, 89, 138, 115, 89, 151, 104, 195, 70, 105, 100, 197, 86, 79, 151, 84, 93, 182]
137.92	17	1.0	1.0	[156, 214, 378, 84, 75, 78, 89, 92, 304, 76, 111, 631, 86, 117, 140, 207, 94, 77, 292, 106, 88, 269, 88, 91, 101, 62, 189, 540, 153, 96, 100, 82, 86, 93, 98, 101, 104, 96, 169, 88, 101, 85, 94, 88, 90, 40, 80, 150, 111, 102, 87, 100, 79, 165, 74, 88, 123, 86, 375, 75, 86, 74, 155, 84, 97, 104, 107, 86, 87, 101, 128, 351, 90, 278, 383, 80, 87, 680, 88, 121, 91, 77, 221, 109, 94, 71, 141, 82, 152, 76, 164, 87, 87, 97, 198, 93, 105, 82, 103, 101]
121.99	20	0.2	0.2	[107, 113, 238, 87, 187, 109, 90, 130, 203, 118, 90, 107, 94, 140, 127, 70, 105, 131, 94, 90, 109, 154, 91, 80, 103, 95, 98, 122, 81, 84, 169, 182, 113, 391, 84, 104, 118, 88, 109, 402, 111, 72, 95, 172, 100, 98, 69, 87, 107, 100, 72, 78, 87, 89, 125, 106, 140, 91, 79, 84, 81, 95, 82, 65, 95, 115, 98, 104, 86, 126, 143, 112, 89, 91, 141, 129, 104, 102, 84, 79, 110, 86, 104, 136, 123, 97, 104, 98, 86, 523, 84, 92, 97, 217, 85, 91, 98, 604, 77, 97]
125.59	20	0.2	0.4	[101, 131, 63, 85, 133, 90, 22, 95, 89, 82, 138, 99, 93, 212, 130, 114, 86, 87, 82, 210, 88, 98, 85, 108, 103, 112, 95, 135, 90, 373, 81, 86, 78, 72, 86, 84, 118, 106, 114, 129, 362, 83, 116, 103, 99, 264, 146, 86, 107, 92, 90, 441, 83, 79, 107, 343, 75, 64, 83, 94, 154, 116, 99, 433, 91, 109, 112, 92, 102, 90, 87, 93, 113, 73, 151, 477, 109, 101, 70, 213, 111, 81, 95, 112, 112, 141, 89, 156, 161, 163, 85, 82, 76, 79, 383, 117, 83, 93, 95, 60]
131.12	20	0.2	0.6	[79, 93, 90, 112, 71, 106, 121, 57, 133, 111, 602, 79, 85, 115, 108, 97, 86, 119, 82, 87, 26, 160, 98, 32, 1016, 80, 79, 188, 80, 105, 90, 94, 81, 101, 70, 111, 73, 63, 126, 121, 116, 110, 257, 320, 99, 97, 120, 38, 130, 98, 123, 156, 123, 83, 95, 175, 107, 129, 135, 80, 107, 99, 47, 336, 108, 131, 83, 125, 72, 83, 87, 79, 90, 89, 197, 338, 86, 106, 88, 172, 101, 98, 134, 100, 102, 138, 86, 89, 82, 88, 105, 56, 100, 84, 85, 316, 729, 100, 86, 92]
131.64	20	0.2	0.8	[161, 107, 93, 413, 122, 102, 74, 106, 141, 134, 120, 242, 78, 81, 95, 97, 142, 173, 89, 354, 706, 153, 79, 138, 42, 79, 99, 121, 94, 107, 130, 92, 170, 515, 164, 76, 86, 104, 83, 86, 86, 113, 93, 130, 66, 81, 138, 122, 89, 63, 86, 82, 216, 125, 106, 117, 68, 121, 102, 89, 92, 200, 91, 97, 87, 78, 125, 111, 84, 82, 74, 176, 82, 368, 135, 110, 99, 87, 104, 72, 153, 84, 99, 83, 90, 236, 107, 86, 103, 68, 148, 86, 157, 511, 173, 96, 104, 99, 81, 105]
125.68	20	0.2	1.0	[107, 123, 103, 163, 94, 103, 78, 79, 86, 126, 147, 83, 88, 129, 92, 88, 118, 166, 132, 67, 204, 73, 107, 258, 87, 238, 127, 100, 66, 101, 75, 159, 115, 88, 81, 90, 83, 98, 98, 98, 120, 71, 98, 99, 59, 126, 114, 89, 438, 139, 185, 201, 93, 82, 175, 71, 104, 86, 69, 98, 83, 70, 129, 76, 96, 76, 91, 99, 68, 51, 237, 146, 503, 114, 91, 82, 102, 185, 88, 137, 109, 90, 88, 105, 149, 118, 78, 88, 107, 93, 687, 98, 160, 108, 97, 84, 188, 233, 136, 193]
136.27	20	0.4	0.2	[968, 145, 150, 116, 266, 100, 104, 140, 97, 94, 87, 94, 90, 138, 102, 100, 97, 93, 101, 90, 168, 78, 151, 76, 115, 95, 97, 731, 81, 87, 144, 150, 84, 76, 79, 105, 267, 123, 80, 93, 101, 95, 75, 105, 239, 131, 128, 144, 80, 516, 89, 186, 104, 120, 94, 92, 118, 95, 106, 215, 93, 112, 111, 99, 95, 107, 88, 247, 151, 121, 80, 84, 73, 119, 108, 82, 98, 198, 76, 139, 117, 114, 117, 109, 97, 115, 93, 122, 93, 113, 68, 101, 33, 140, 128, 379, 99, 210, 131, 82]
135.06	20	0.4	0.4	[97, 113, 132, 81, 265, 288, 144, 41, 334, 90, 100, 106, 89, 133, 128, 88, 81, 96, 118, 85, 69, 123, 74, 201, 91, 101, 78, 167, 96, 175, 164, 91, 102, 89, 141, 85, 88, 160, 93, 181, 113, 84, 62, 123, 83, 98, 83, 82, 90, 101, 87, 96, 79, 205, 89, 117, 94, 106, 621, 97, 112, 99, 75, 110, 91, 89, 70, 333, 102, 981, 194, 82, 201, 219, 104, 102, 97, 86, 127, 478, 128, 83, 99, 80, 90, 84, 164, 141, 92, 78, 122, 95, 103, 154, 88, 75, 104, 294, 97, 95]
122.84	20	0.4	0.6	[121, 77, 187, 75, 170, 116, 93, 112, 82, 204, 103, 91, 98, 131, 107, 99, 77, 108, 92, 102, 127, 103, 296, 78, 101, 112, 166, 95, 26, 132, 79, 203, 112, 78, 94, 187, 146, 93, 92, 160, 131, 334, 308, 153, 84, 90, 72, 85, 76, 151, 85, 308, 114, 74, 92, 176, 79, 149, 94, 100, 159, 93, 110, 70, 100, 121, 70, 119, 123, 133, 97, 136, 108, 82, 128, 141, 90, 75, 161, 92, 122, 97, 270, 85, 103, 171, 205, 184, 155, 99, 68, 240, 92, 106, 86, 98, 104, 111, 113, 87]
128.21	20	0.4	0.8	[61, 78, 222, 91, 91, 90, 81, 419, 118, 102, 260, 140, 122, 102, 75, 96, 116, 145, 101, 88, 91, 165, 75, 91, 474, 85, 295, 115, 198, 71, 188, 83, 102, 122, 145, 94, 88, 91, 169, 148, 106, 106, 106, 100, 100, 77, 103, 136, 87, 98, 88, 91, 196, 36, 124, 139, 152, 90, 113, 117, 83, 150, 86, 186, 97, 221, 79, 124, 85, 128, 76, 114, 80, 98, 79, 102, 102, 86, 74, 97, 102, 94, 264, 99, 112, 69, 74, 425, 125, 176, 86, 163, 91, 327, 78, 101, 86, 144, 145, 260]
132.08	20	0.4	1.0	[66, 97, 85, 91, 95, 92, 89, 88, 112, 143, 88, 97, 86, 118, 136, 398, 69, 235, 296, 101, 118, 86, 44, 178, 92, 87, 145, 102, 107, 94, 162, 246, 84, 88, 77, 92, 138, 103, 69, 131, 157, 298, 87, 333, 95, 102, 85, 60, 76, 121, 82, 80, 84, 106, 174, 210, 102, 118, 99, 79, 180, 79, 94, 88, 118, 379, 99, 290, 128, 92, 80, 36, 79, 141, 361, 158, 141, 166, 89, 252, 85, 86, 75, 87, 89, 224, 113, 79, 86, 110, 87, 88, 211, 110, 83, 110, 96, 672, 206, 88]
133.79	20	0.6	0.2	[164, 96, 82, 67, 75, 116, 56, 93, 144, 93, 147, 181, 172, 121, 74, 94, 100, 86, 72, 77, 120, 97, 115, 79, 91, 149, 91, 125, 108, 134, 116, 110, 89, 69, 90, 336, 115, 125, 132, 91, 93, 78, 155, 153, 93, 1356, 108, 83, 98, 105, 192, 161, 100, 117, 79, 136, 130, 77, 73, 132, 117, 71, 107, 73, 81, 114, 89, 110, 101, 114, 93, 90, 112, 194, 325, 224, 119, 103, 241, 109, 122, 29, 122, 106, 74, 175, 89, 491, 170, 92, 103, 448, 164, 86, 105, 73, 87, 96, 67, 82]
138.64	20	0.6	0.4	[82, 104, 181, 110, 107, 103, 67, 102, 111, 100, 119, 390, 92, 145, 148, 96, 73, 114, 97, 105, 192, 99, 80, 78, 108, 79, 98, 209, 95, 135, 90, 92, 174, 228, 92, 132, 94, 137, 145, 139, 137, 99, 126, 177, 113, 112, 75, 444, 322, 126, 71, 126, 70, 120, 80, 88, 734, 141, 256, 129, 112, 215, 94, 227, 125, 107, 120, 117, 375, 132, 94, 83, 77, 87, 104, 85, 81, 132, 84, 549, 474, 118, 84, 93, 95, 120, 96, 87, 118, 89, 85, 101, 99, 128, 101, 113, 85, 76, 87, 127]
140.28	20	0.6	0.6	[270, 83, 102, 77, 702, 84, 117, 94, 94, 107, 184, 87, 90, 164, 110, 89, 135, 111, 117, 196, 388, 115, 94, 114, 83, 102, 193, 298, 173, 89, 96, 84, 133, 95, 105, 256, 101, 560, 160, 101, 99, 86, 111, 85, 195, 102, 204, 114, 105, 102, 76, 125, 79, 138, 83, 78, 80, 115, 77, 154, 88, 82, 115, 106, 34, 82, 165, 87, 1031, 141, 114, 92, 108, 113, 83, 89, 97, 101, 147, 82, 100, 161, 93, 247, 89, 90, 98, 79, 138, 74, 134, 85, 89, 163, 253, 129, 72, 201, 70, 145]
143.1	20	0.6	0.8	[116, 93, 86, 92, 150, 80, 82, 204, 87, 82, 85, 113, 177, 188, 89, 265, 225, 176, 93, 105, 93, 243, 68, 113, 93, 107, 152, 80, 72, 94, 178, 89, 118, 219, 86, 139, 157, 95, 133, 881, 514, 85, 102, 88, 138, 85, 94, 90, 93, 158, 202, 41, 214, 1111, 79, 102, 172, 105, 108, 123, 298, 76, 89, 88, 96, 82, 89, 105, 83, 104, 62, 69, 81, 81, 82, 107, 111, 91, 86, 78, 98, 482, 96, 362, 120, 107, 91, 96, 75, 171, 91, 157, 124, 84, 104, 169, 70, 81, 186, 86]
134.35	20	0.6	1.0	[96, 74, 121, 132, 89, 602, 88, 125, 91, 93, 234, 98, 88, 95, 158, 429, 84, 95, 71, 95, 74, 270, 89, 150, 77, 95, 235, 79, 105, 105, 95, 184, 105, 95, 103, 215, 79, 120, 325, 87, 114, 91, 154, 75, 108, 82, 103, 192, 169, 163, 110, 90, 97, 96, 74, 104, 144, 92, 125, 184, 34, 159, 97, 229, 65, 217, 120, 132, 91, 99, 113, 291, 100, 280, 106, 182, 112, 77, 67, 83, 448, 82, 99, 101, 190, 90, 174, 74, 148, 81, 95, 113, 76, 87, 117, 79, 193, 297, 135, 90]
125.56	20	0.8	0.2	[153, 96, 112, 141, 101, 110, 74, 101, 129, 98, 345, 307, 144, 80, 103, 82, 96, 230, 67, 93, 88, 121, 84, 120, 94, 68, 122, 200, 181, 77, 107, 90, 154, 153, 244, 101, 254, 83, 107, 94, 95, 96, 80, 187, 96, 85, 195, 91, 539, 69, 192, 98, 234, 147, 184, 170, 101, 99, 71, 90, 211, 119, 121, 91, 104, 131, 91, 98, 135, 108, 88, 106, 87, 116, 112, 89, 144, 105, 102, 93, 103, 151, 92, 70, 89, 104, 115, 150, 100, 95, 71, 126, 156, 71, 83, 200, 94, 134, 104, 74]
125.6	20	0.8	0.4	[167, 85, 99, 77, 72, 119, 97, 201, 79, 112, 85, 344, 123, 77, 93, 83, 91, 95, 1093, 137, 100, 103, 43, 79, 80, 39, 102, 71, 96, 89, 107, 48, 71, 102, 147, 87, 103, 85, 160, 85, 91, 80, 183, 84, 226, 68, 131, 113, 95, 314, 151, 83, 90, 132, 60, 123, 111, 126, 560, 91, 140, 153, 259, 86, 92, 95, 100, 92, 105, 94, 142, 106, 142, 126, 142, 109, 104, 71, 202, 82, 198, 86, 115, 124, 96, 75, 96, 23, 104, 100, 89, 98, 99, 99, 77, 269, 72, 97, 90, 73]
126.95	20	0.8	0.6	[180, 119, 191, 78, 113, 89, 94, 150, 82, 124, 80, 94, 145, 232, 156, 76, 87, 93, 86, 287, 92, 81, 91, 103, 87, 140, 108, 86, 123, 96, 101, 92, 70, 191, 107, 186, 203, 91, 91, 66, 79, 90, 121, 93, 102, 91, 111, 80, 81, 97, 100, 91, 59, 205, 107, 82, 92, 105, 82, 81, 110, 101, 98, 180, 171, 85, 767, 123, 244, 104, 154, 128, 159, 126, 86, 81, 115, 110, 198, 88, 105, 74, 93, 79, 107, 108, 92, 161, 91, 189, 197, 332, 89, 103, 173, 373, 106, 85, 108, 92]
130.74	20	0.8	0.8	[79, 80, 79, 98, 91, 154, 286, 123, 173, 75, 168, 118, 86, 273, 105, 120, 108, 95, 101, 141, 115, 99, 110, 107, 82, 79, 155, 97, 104, 91, 93, 103, 158, 168, 246, 193, 103, 81, 87, 98, 97, 83, 152, 327, 156, 80, 97, 37, 103, 107, 98, 94, 110, 128, 260, 111, 113, 171, 96, 49, 131, 77, 38, 83, 222, 380, 140, 311, 86, 92, 154, 160, 162, 122, 84, 156, 171, 76, 102, 120, 70, 87, 102, 99, 166, 84, 78, 103, 108, 90, 310, 76, 110, 121, 108, 198, 140, 144, 144, 478]
125.96	20	0.8	1.0	[333, 170, 116, 268, 91, 63, 84, 100, 125, 99, 136, 88, 92, 109, 102, 137, 83, 94, 147, 90, 85, 86, 178, 167, 420, 91, 61, 87, 96, 86, 92, 82, 88, 113, 94, 104, 135, 58, 105, 96, 164, 157, 85, 84, 156, 255, 104, 97, 106, 88, 153, 107, 98, 103, 476, 96, 89, 82, 83, 84, 98, 113, 102, 141, 137, 123, 87, 113, 94, 128, 148, 59, 83, 156, 112, 108, 115, 126, 93, 321, 200, 28, 91, 63, 95, 21, 82, 90, 97, 85, 300, 215, 137, 75, 193, 266, 136, 256, 98, 93]
126.56	20	1.0	0.2	[90, 110, 107, 80, 110, 81, 103, 378, 101, 93, 112, 99, 101, 95, 87, 80, 129, 93, 110, 65, 90, 110, 94, 197, 104, 175, 76, 170, 120, 133, 83, 71, 107, 119, 100, 92, 83, 101, 98, 99, 105, 135, 112, 120, 139, 323, 85, 68, 101, 94, 110, 252, 252, 573, 97, 97, 151, 94, 74, 140, 141, 77, 77, 133, 96, 101, 102, 93, 109, 74, 192, 129, 135, 82, 95, 138, 91, 74, 85, 88, 284, 80, 86, 150, 315, 177, 108, 122, 68, 102, 113, 201, 164, 453, 96, 91, 72, 101, 89, 104]
132.48	20	1.0	0.4	[107, 84, 109, 94, 122, 25, 210, 133, 342, 98, 353, 72, 84, 199, 76, 193, 99, 358, 346, 91, 75, 76, 53, 91, 85, 118, 433, 193, 94, 87, 102, 85, 80, 106, 80, 167, 202, 96, 117, 111, 95, 90, 102, 95, 87, 113, 72, 87, 84, 92, 85, 104, 92, 114, 122, 101, 94, 101, 92, 153, 96, 98, 59, 87, 90, 350, 92, 118, 100, 84, 173, 152, 225, 96, 81, 81, 84, 107, 136, 87, 276, 106, 79, 203, 240, 207, 81, 91, 108, 116, 103, 88, 88, 537, 153, 115, 186, 76, 92, 286]
123.2	20	1.0	0.6	[146, 82, 148, 155, 232, 110, 140, 112, 73, 81, 117, 75, 102, 91, 256, 148, 91, 81, 104, 170, 76, 87, 95, 154, 100, 84, 117, 109, 68, 104, 201, 73, 354, 127, 112, 81, 83, 88, 88, 81, 75, 90, 67, 150, 167, 77, 81, 128, 188, 101, 100, 74, 75, 102, 143, 169, 164, 424, 100, 91, 496, 165, 124, 110, 93, 96, 86, 118, 81, 257, 70, 71, 108, 89, 81, 89, 99, 86, 86, 92, 93, 245, 231, 101, 130, 156, 112, 95, 115, 138, 99, 147, 86, 79, 93, 118, 85, 151, 83, 104]
144.9	20	1.0	0.8	[177, 90, 70, 84, 78, 69, 438, 139, 98, 229, 88, 109, 126, 31, 121, 97, 122, 82, 87, 85, 90, 129, 102, 72, 103, 89, 80, 115, 97, 111, 74, 118, 86, 90, 131, 98, 113, 71, 182, 114, 225, 99, 311, 178, 323, 192, 137, 204, 289, 92, 108, 318, 114, 77, 96, 166, 71, 304, 283, 35, 207, 84, 129, 90, 190, 76, 236, 93, 113, 88, 111, 244, 202, 142, 107, 89, 158, 126, 135, 125, 264, 682, 103, 200, 86, 66, 146, 133, 393, 488, 87, 96, 87, 83, 121, 99, 195, 107, 109, 93]
130.08	20	1.0	1.0	[127, 97, 53, 79, 113, 92, 73, 91, 105, 366, 129, 96, 89, 92, 307, 79, 89, 104, 156, 196, 105, 83, 232, 237, 40, 112, 103, 127, 85, 485, 135, 158, 144, 70, 80, 74, 92, 295, 103, 347, 89, 91, 90, 82, 88, 104, 94, 111, 86, 59, 95, 95, 206, 71, 80, 159, 133, 85, 298, 166, 356, 115, 87, 93, 102, 105, 83, 73, 97, 128, 94, 120, 202, 104, 177, 115, 79, 147, 311, 102, 92, 84, 68, 126, 73, 128, 89, 94, 108, 91, 75, 99, 89, 151, 394, 182, 92, 91, 71, 199]